id,stamp,odom_x,odom_y,odom_z,odom_qx,odom_qy,odom_qz,odom_qw,map_x,map_y,map_z,map_qx,map_qy,map_qz,map_qw
0,1789653788.5195093,-0.0080427776263927754,-0.0006365688211699851,-0.00062309085790543406,-0.00012927560770546466,0.26080436493695658,0.00019346566915331049,0.96539164544172518,-0.0080427776263927754,-0.0006365688211699851,-0.00062309085790543406,-0.00012927560770546474,0.26080436493695675,0.00019346566915331062,0.96539164544172584
1,1789653845.719106,0.75176261182454174,-0.04734879410103203,0.051939430868038115,0.0078809229345115032,0.25979588072257009,-0.012844359946812376,0.96554596671045267,0.75134058421260019,-0.048603135424723096,0.052642627177136199,0.0077719017516954311,0.25964987251551286,-0.012901771320079816,0.96558535901423248
2,1789653852.0193655,1.525612214857986,-0.058701600411414666,0.055943738362630176,0.0071123056543380145,0.2570976648419363,-0.0088356214054574351,0.96631885919475202,1.5247624004888538,-0.061263819273269481,0.05759057439650548,0.0068901211593583485,0.25683176166285343,-0.0089159615978116301,0.96639043769086985
3,1789653857.9196007,2.2751692801332513,-0.11038085535763992,0.047149634350024686,0.0094965156588116134,0.25541952712339494,-0.022321724653618584,0.9665259551418427,2.2739040277367768,-0.11422178519027087,0.049926355824832402,0.0091546213113802288,0.25504057145736531,-0.022392247964758066,0.96662768791837883
4,1789653862.5189474,3.0266735574276757,-0.12753186940099814,0.038731463947756964,0.0094902462191549675,0.25448989891399193,-0.012672299651799038,0.96694583064353845,3.0252150260241275,-0.13140375531978138,0.042184377048037153,0.009167071595762721,0.25403003129043999,-0.012656619490876334,0.96707006880783952
5,1789653868.5187838,3.7802874168003124,-0.20258179400473533,0.020130224950601742,0.020277678354698125,0.26167201066764295,-0.045757010640513358,0.96385832494763646,3.7786591676545269,-0.20637477327252768,0.024429655046693227,0.019998301043160038,0.26111345911703021,-0.045637708700992145,0.96402128035010182
6,1789653873.6190577,4.5331670886807967,-0.25745184800046289,0.0041749585759180505,0.020389999852132353,0.26418067323015682,-0.034351682210191352,0.96364556851932304,4.531376019103508,-0.26102779686496247,0.0094499569556279472,0.020126875564703533,0.26354652640668591,-0.034141634639672444,0.96383218771895363
7,1789653877.3190882,5.2818097078597308,-0.30298154404066546,-0.014330870677960151,0.018203869982521922,0.26097346257949761,-0.023386171280910244,0.96489095650215762,5.2798664372764543,-0.30622003215934979,-0.0079671608384940685,0.01795636061549687,0.26026291011388147,-0.02308372835599198,0.96509477680572209
8,1789653882.9192419,6.0451109312566533,-0.33266273621564096,-0.024744651346617831,0.0092704652751181976,0.26005514782462413,-0.011332536211927256,0.96548275602746214,6.0430004800097903,-0.33542561219624745,-0.017155156781765223,0.0090356374325242517,0.25926527850745057,-0.010941118537204437,0.96570190252572097
9,1789653885.3188434,6.2249096944988134,-0.40864923535974362,-0.056252781069125922,0.037584063535250456,0.27369063680986178,-0.15289923789122473,0.94884281972461315,6.2227996630343734,-0.41129482438213666,-0.048296742190232486,0.037517165542906517,0.27278700553118485,-0.15231938905369488,0.94919888096292282
10,1789653886.7187135,6.3322252928179115,-0.5345224532651458,-0.035795064743698098,0.0788182280034051,0.25312854353683617,-0.2755375127394204,0.92400904024504815,6.3301107641194836,-0.53706856606063158,-0.027568322971041413,0.07895413483096142,0.25217148533411016,-0.27476301978153461,0.92448962651725586
11,1789653887.2187908,6.2700385068265474,-0.56734709267426675,-0.016219428963697054,0.11183031767224685,0.23736123402270448,-0.39848821207177032,0.87884058251326991,6.2678281436457217,-0.57001208906355216,-0.0080874227211791324,0.1122003885879988,0.23640584435000822,-0.39754401882496687,0.8794783127822744
12,1789653887.8189244,6.186533424122735,-0.6198707155203943,-0.016530599454159956,0.13977523637400216,0.2232621662042418,-0.52855215892405316,0.8070003121033994,6.1843132418992264,-0.62271116153965966,-0.0085711836302751997,0.14042187419466959,0.22237952497368821,-0.52746900250802864,0.80784001851438281
13,1789653890.7187855,6.4882403225356242,-0.94163105063081487,-0.052862553088889042,0.10156705375268799,0.24474632602192239,-0.42074654266484351,0.86761495856527926,6.48664452092118,-0.94386323628829227,-0.044111601110555537,0.10213926883203146,0.24364970969754601,-0.419483172986234,0.86846776353999511
14,1789653893.1189351,6.5180260126279785,-1.145502460604356,-0.03856129494340392,0.14037601329399468,0.21866217626353071,-0.53683721220519798,0.8026750495406042,6.5167590430283431,-1.1477004350896882,-0.029772362338196971,0.14124651994860876,0.2176947699053749,-0.53543117713183375,0.80372374751121556
15,1789653894.3188689,6.4918071343831896,-1.2796756257621877,-0.042502635048368015,0.17018428141703479,0.1976526922677182,-0.65296208755457874,0.71106345414043959,6.4908109835198022,-1.28197027691902,-0.033844470800378064,0.17137035614016194,0.19689880742165039,-0.6514741972986372,0.71235133952735852
16,1789653897.4187596,6.5286163426574326,-2.045237527375614,-0.049945042605450934,0.1753193835402681,0.1926117330877683,-0.65801909482691467,0.70652296839877871,6.5306440119154177,-2.0470346645695434,-0.042082242413482109,0.17655080030846013,0.1918927875792783,-0.65650160370702482,0.70782244759233293
17,1789653899.8189833,6.579422328516487,-2.8191354973469487,-0.061182201284950957,0.17349484030387979,0.18963811423212695,-0.65276226338407184,0.71262778048569786,6.5845615635376715,-2.8203821425707822,-0.054126042418496771,0.1747525946030497,0.18891079966971522,-0.65122454418695896,0.71391934663247392
18,1789653900.5189676,6.5205558884633916,-2.9302679615568183,-0.059377606126088368,0.19069228691323609,0.1736520640947237,-0.74058564219606471,0.62049522070708929,6.5263816665013064,-2.9315019990148579,-0.052797138535553498,0.19213901903123598,0.17318516935835621,-0.73914620749244453,0.62189418587856882
19,1789653902.8189838,6.3150779461407573,-3.3526785747366219,-0.043139402023394051,0.20326694159586817,0.13497080604079204,-0.83082247798437081,0.50019940228545068,6.3226811316953029,-3.3542939688429021,-0.037996193354703695,0.20492431646225934,0.13482158784649523,-0.82955758959737069,0.50166061188260147
20,1789653903.3189328,6.2490430024246697,-3.332254356307752,-0.052900376100725323,0.23523550407741728,0.099568819680149398,-0.88941416179622235,0.37906827427934159,6.2569396749644186,-3.3338823987913657,-0.048125471212481487,0.23702773320536116,0.099764529343433606,-0.88828935526059549,0.38053503610985279
21,1789653904.3191128,6.1121202419881797,-3.414856364797203,-0.031426862720323669,0.23597288572040781,0.073165444411183014,-0.93434699535349608,0.25682544115145894,6.1205567461662271,-3.4167408225423039,-0.027438877348597866,0.23784852996521971,0.07365848424498142,-0.93342283590720609,0.25831049901052211
22,1789653905.0190494,6.053126730743104,-3.3116157530422718,-0.049612531948296561,0.26003543291964548,0.032417437060449854,-0.95868932381845007,0.11065922373259897,6.0616265964444054,-3.3140158194947107,-0.045217502750439627,0.26176198829088831,0.033041046788856991,-0.95801476484979109,0.11223484772073669
23,1789653908.3191981,5.3758450346817437,-3.2695984913815703,-0.042520492408426661,0.24831485652613999,-0.0058868549408641604,-0.96821159806067703,-0.029519118346387464,5.3847521799871263,-3.2749086611403659,-0.039667929260270955,0.24998329126880078,-0.0052574388914788236,-0.96783461356137179,-0.0278724633864782
24,1789653912.0190322,4.618336934813895,-3.2237011526363242,-0.01205598281326745,0.24293451156641033,-0.0098413251871172502,-0.96966320653754301,-0.025283142520811035,4.6275957435398283,-3.2323290990491267,-0.010849122534134946,0.24459095960026267,-0.0093592818650164045,-0.96929413461321112,-0.02359124687717868
25,1789653916.3186557,3.8495352866166281,-3.1995503951780049,0.0047802432111915425,0.24199439750244214,-0.0058488227514588492,-0.97023365050373533,-0.0071530608749410781,3.8592739919872674,-3.2115561699165878,0.0043386756250915056,0.24364424352714997,-0.0055420890312134789,-0.96983369723501422,-0.0054191837684025058
26,1789653924.1187549,3.0971669845802778,-3.1967505449812248,0.017652346307619513,0.24673045296710447,-0.0031070259386609001,-0.96905976036402852,0.0061327654029183507,3.1074654842870357,-3.2120610214332315,0.015606411933259423,0.24839319154196474,-0.0029587296017015183,-0.96862266075738745,0.0078872924391055511
27,1789653928.5181966,2.3426126034953971,-3.2075393211865166,0.032996101085852374,0.24653288863922121,0.0006249262690475885,-0.96905985225646274,0.012006124722056991,2.3535105635634284,-3.226130625031113,0.02931248752226492,0.24823084579403629,0.00061926798787599417,-0.96860287104343445,0.013767422051803835
28,1789653933.0189323,1.5817418510422687,-3.1787988819041413,0.046698680560158676,0.24016444264267542,-0.0072274096399934035,-0.97041539860048864,-0.023722546213984858,1.5926738636621436,-3.2003148334456628,0.040518774622218687,0.24192093061671846,-0.0071803127631412172,-0.97001895224057488,-0.022044018060731141
29,1789653935.4189734,0.80601573921073255,-3.1670909103965919,0.061471790738184241,0.24042457662346342,-0.0062589287523053356,-0.9705996034347999,-0.0096570481149967548,0.81703903512146059,-3.191482924022039,0.052714805317145189,0.24220448916098339,-0.006238148356293602,-0.97017180340990894,-0.0080462913020334145
30,1789653938.1189563,0.17170045109176096,-3.2221675808727213,0.04400697834536868,0.24717474603370837,0.035093205954870033,-0.95930860499681869,0.13190948486678558,0.18312193078177738,-3.2488708556467949,0.033167338983285749,0.24888551371945622,0.034855716862200389,-0.95866250977145073,0.13344389240923557
31,1789653938.7190826,0.20420379988955942,-3.2928178610320917,0.053294882938640785,0.24075734660813108,0.074417480817229542,-0.93453522946113088,0.25128040810783808,0.21571735928492181,-3.3191089557879567,0.042557145763004352,0.24233714188948738,0.074068014920609923,-0.93373242731422834,0.25284460249021368
32,1789653939.3189492,0.28726886602430091,-3.3538953913760174,0.060812501998629635,0.21495216637892534,0.10945601022964421,-0.88588399465560574,0.39626316508908804,0.29885387392305557,-3.3796185455597159,0.050342567468849242,0.21638984027979302,0.10893104660319888,-0.88490604385336591,0.39780743791613854
33,1789653939.9190755,0.33158356164050035,-3.3693582849240507,0.081915539983228286,0.20082217691149981,0.14092569199264809,-0.82389889691243134,0.51088257972177387,0.34306218152710294,-3.3946429393306867,0.071544776321492101,0.20213068277707796,0.14027905579870906,-0.82275679371646881,0.51238289586762231
34,1789653940.3191214,0.41648028436173756,-3.3922409220893517,0.043315231090842649,0.20174695452009431,0.16729348769447352,-0.74150535996742895,0.61764136556438087,0.42809231671727316,-3.4169517049156726,0.033185858699836042,0.20292325266391983,0.1665466402250447,-0.74017344327155665,0.61905382967361755
35,1789653941.9190633,0.4894319738684586,-3.6097908695600847,0.06741546123767278,0.163140176107296,0.19711575484260763,-0.6472181982171219,0.71808026433600414,0.50152707124870466,-3.6339131120709705,0.057422008810311828,0.16418356292103053,0.19620186803908146,-0.64576752329665588,0.71939758861135605
36,1789653942.4191272,0.56267579763614262,-3.5644229082571508,0.034967455158865041,0.14363500113905939,0.22649947100288137,-0.52555370670830481,0.80737864564783535,0.57467201354239539,-3.5879880509053739,0.025189684763991489,0.14452074635252768,0.22543833668729182,-0.52395727256962588,0.80855431898343999
37,1789653942.9191782,0.6078152071329469,-3.5156903008140805,0.056833691294573781,0.099867617822478674,0.24486989892452068,-0.40145778240450641,0.87686762995208556,0.61950501662667967,-3.5388223193206314,0.047182825255776627,0.10062248819348565,0.24362887436631342,-0.39978804238817517,0.87788929120258985
38,1789653943.5192101,0.65462563589718237,-3.4521785023099572,0.062971868519705876,0.059741103415031464,0.2546246239401484,-0.2582863403044327,0.92999218698761588,0.66601801277412254,-3.4748581817618689,0.053477977065237145,0.060358293629004418,0.25319908887936105,-0.25656160227112679,0.93081858706244613
39,1789653946.4184613,1.0893930685265913,-3.5950750580537236,0.051836974085425633,0.033824375444425001,0.25870488892205101,-0.13062613590303945,0.9564854963314563,1.1011572175155679,-3.6159033235179625,0.043630773185411108,0.034329294080736684,0.25713396612242873,-0.12888112379792507,0.9571276189530068
40,1789653950.3193529,1.739956719915835,-3.6074028113777774,0.046585803725369329,0.0051517709225574566,0.25737552634165245,-0.0079818014034426267,0.96626476109958737,1.7516349400490432,-3.6256229130282587,0.040568590009441928,0.0055582956533963453,0.25565547999592331,-0.0062740821608108554,0.96673161569823651
41,1789653953.7193666,2.484471716745984,-3.7110516628471122,0.027953069207735881,0.026039405469657058,0.26349834773797637,-0.055840410213357783,0.96269019870834482,2.4963794365985095,-3.7263370637827866,0.024300130529367015,0.026605247210369453,0.26185448184176802,-0.054113047388944714,0.96322176535963733
42,1789653956.4186943,3.2493419755161508,-3.8085646286906716,0.0089714545666389409,0.02634846973788588,0.26013041742549819,-0.05513215104950208,0.96363809077522611,3.2612299801688738,-3.8221102240940654,0.0083758605040593175,0.026906540337669281,0.25847810090152645,-0.053425285518560364,0.96416328923510564
43,1789653959.7188587,4.0396936529789613,-3.7799140707236889,-0.0021785292783798398,0.0023929319095678668,0.27049580647690408,0.0020647673043662222,0.96271596501305012,4.0511492936651647,-3.7916931439385682,0.00061532259283002689,0.0028092217639244191,0.26876819039376432,0.0037284033024578842,0.96319357717665288
44,1789653962.6189024,4.8030566061717987,-3.7600143318362571,-0.023055660503660397,-0.00039038586584781964,0.26754422627260743,0.024624926275277736,0.96323078625672087,4.8141495231781688,-3.770079034654739,-0.017010822601639459,-3.2028600626193338e-05,0.26581243519293957,0.026290898637360359,0.96366619579593427
45,1789653965.1188195,5.5553270485247648,-3.699613559111953,-0.047760253978677891,-0.003227035796991024,0.26900293443790524,0.040597974480380855,0.96227792865241213,5.5659507723792512,-3.7079645683441562,-0.038471946571581206,-0.002925169728908183,0.26728670025811846,0.042281457567109403,0.9626845493686832
46,1789653966.7187784,5.9844646225025011,-3.737491691187897,-0.040683595022445694,0.029585557148796404,0.26153412828965727,-0.088290022872525312,0.96069218088254416,5.9949016649677871,-3.7449753024387977,-0.029609941534801541,0.030068706178053479,0.26003840372044412,-0.086505717830167306,0.96124537048663539
47,1789653968.8188407,6.3294255611141015,-3.9220361787309894,-0.051755125596836808,0.05662649689625765,0.25460185300022958,-0.21441796439664743,0.94127375021394821,6.340221499051264,-3.9288182359481003,-0.039475064711670171,0.05725599398513552,0.25334981059617334,-0.21256012849128891,0.9419945946763304
48,1789653969.9189837,6.4308957166687417,-4.0625702576688285,-0.057816301078707798,0.088955870639875756,0.25248024642659528,-0.34164159509656056,0.90090043775251161,6.4419719142782261,-4.0693319814372071,-0.045155939374472522,0.089692194831398814,0.25151504292229698,-0.33973369850976048,0.90181844484740969
49,1789653970.5190349,6.3906982420099849,-4.1326558052303568,-0.086387383554442448,0.12882165359706876,0.24835410149702158,-0.44853612618538274,0.84884660884075891,6.4019204904210536,-4.1398135695100953,-0.073710907823564084,0.12961948579382254,0.24768232057706735,-0.44660423609481081,0.84993935858876102
50,1789653971.4190826,6.4046842454126622,-4.259183935728065,-0.058710162921062063,0.14557820198584115,0.21986191409505917,-0.55663785690729883,0.78779567280761198,6.4165296242372891,-4.2667305020127566,-0.045843608484599944,0.14653568536189598,0.21939470108227024,-0.55473151008704524,0.78909201603430712
51,1789653972.4190803,6.3993481044720442,-4.4954979355557541,-0.073819247438288743,0.17106336571394556,0.19495364601510226,-0.67002630690661391,0.69555384325646763,6.4124235712764648,-4.5034938945789538,-0.060937575771134317,0.17217368264400248,0.19477295288153157,-0.66820209722684287,0.6970836944673573
52,1789653975.6191685,6.3686229945611341,-5.2596448139989294,-0.092735666128623689,0.18108769903183292,0.18754316037488128,-0.677997657943881,0.68728013508196273,6.3853253078416214,-5.2684813048792316,-0.080462742005684276,0.18223647856306721,0.18742195200972392,-0.67614372636294517,0.68883418838340782
53,1789653978.0191557,6.2561619393863523,-6.0015842511477437,-0.10872290362876665,0.19271768718109955,0.17853103946777937,-0.73481266839646764,0.6253294358639192,6.2764848123037789,-6.010577106781847,-0.098534232002489897,0.19411700770154058,0.17856307566818919,-0.73304524649256231,0.62695971315832999
54,1789653979.8167865,6.0804695820942465,-6.6340448892607329,-0.10913933148460535,0.20255690039648239,0.14184285355475115,-0.81121922744429176,0.52988175286718064,6.1038343841011677,-6.6434945101493765,-0.10121969140920764,0.20428714324446856,0.14212226568605119,-0.80963858639151809,0.53155750782697231
55,1789653980.2192311,6.0219359196515461,-6.6040861898073198,-0.10572913557959003,0.23282567200925211,0.11368811305679907,-0.88062098929532817,0.39670378447304666,6.0454037823296307,-6.6136367148631221,-0.098264849816293201,0.23483283217151754,0.11437953705679678,-0.87924224419157404,0.39837662891532838
56,1789653980.6174834,5.9718260678707411,-6.5522098218940954,-0.079823949072436937,0.23114657827429844,0.081432901739810604,-0.93104239465257999,0.27037011895844315,5.9952261692288049,-6.5618741681452883,-0.07274796243999157,0.23337717400283017,0.082502199488005898,-0.9299118030468182,0.27201566184377973
57,1789653981.3189781,5.9253261628688456,-6.4686817173488933,-0.086762799864250909,0.23936472191184788,0.036412039162469018,-0.96157145665731669,0.1294566608935715,5.9486824085770911,-6.478359007316012,-0.079987007397564563,0.24176117405586289,0.037950946974302409,-0.96070617888142151,0.13097670862387159
58,1789653983.0193348,5.4408378838594542,-6.4534383655162371,-0.066340326459672833,0.24154560238816511,0.0021368419998322387,-0.97037758504972316,0.0043009657014169032,5.4644178310876601,-6.4647480021034118,-0.062293894735022955,0.2439931693827353,0.0041121728419220701,-0.96975156314114253,0.0056858697133319756
59,1789653985.519326,4.617973116933431,-6.4854756706563927,-0.064289461565702574,0.24988383238595441,0.017480214583071325,-0.96790771828334632,0.020178238214572684,4.6421727644815673,-6.4994785042133945,-0.06514192024544041,0.25239893978350819,0.01950300125579001,-0.96718664505033369,0.021549983166063318
60,1789653988.6195087,3.8460827726726503,-6.4737343124211515,-0.028757633148386971,0.24625061956095523,0.00096916954516167435,-0.96920292761712201,-0.0023190891119842,3.8705477770543464,-6.4903480821445712,-0.034203602293681523,0.24882062607858565,0.0031286998720083457,-0.96854400427596921,-0.00100948305732253
61,1789653995.1196349,3.0760445348341854,-6.4790556323648918,-0.013907633394401811,0.24225055321835773,0.002056940315575859,-0.97016703625537526,0.0092930202332626444,3.1009414115377001,-6.4981961711861471,-0.024088968999221069,0.24488202033110856,0.0042576821638094977,-0.96948563276130573,0.010596043155690427
62,1789654015.6190989,2.5780384580714468,-6.5303279728942085,0.0038197005128933364,0.23947220415710199,0.041109651934447475,-0.96053314754512265,0.13542205293329887,2.603408883704303,-6.5510947174959666,-0.0097273578623428194,0.24230860541448623,0.043072218150848329,-0.95954067650117902,0.13679551858636399
63,1789654016.1181757,2.6224495380215274,-6.5963246437024106,0.012569769952018776,0.23013888588574619,0.079943813511945794,-0.93068395435055817,0.27289642173997786,2.6482491338213374,-6.6168214536087113,-0.0013028845108501495,0.23318664318235754,0.081568670750076872,-0.92936532332668331,0.27431849589719409
64,1789654016.5193079,2.6709051549597906,-6.6296187403178646,0.00082633838867931392,0.22809469877985122,0.13032422164854904,-0.88373325698109795,0.38730341612933283,2.6973402312358083,-6.6499110010223861,-0.012849880504517722,0.23125033813918408,0.13148824638455608,-0.88210542609192488,0.38874688350186293
65,1789654016.9191043,2.7454290410078301,-6.6676113317058574,-0.01767954728754988,0.21203022065207733,0.15167209830623668,-0.80612151438616764,0.53123146007085176,2.7725672543822588,-6.6875841666835365,-0.031018228994167882,0.21532525155499396,0.15217138361767302,-0.80425231914935424,0.53259469880345844
66,1789654017.3193011,2.8203472185769285,-6.6721367733694912,-0.011715770040342854,0.18085020409968625,0.18030012355218744,-0.72740726776023157,0.63691736978465618,2.8479212489548886,-6.6919032597163275,-0.024559250289744362,0.18416931454419824,0.18020411289101509,-0.72540888661133973,0.63827117160559499
67,1789654018.519346,2.8991716442158859,-6.7856626473758066,-0.011495156891988708,0.14694153128343909,0.20903789321063215,-0.61406309066623332,0.74675154252750531,2.9276095374031321,-6.8051937951388748,-0.024270956934292653,0.15018531983586667,0.20823047656008958,-0.61196186690352006,0.74805555394857881
68,1789654019.3193653,3.0021152511796845,-6.8878123532216877,-0.013583643626158432,0.12650708656512982,0.22853222331811718,-0.49433064977067687,0.82909962528698478,3.0313833549227653,-6.9070337977608549,-0.026076727513407821,0.1295909725900504,0.22709532453498577,-0.49216700148081849,0.83030448394001488
69,1789654019.9193664,3.0973471922178275,-6.9351975142740798,-0.013009806331592856,0.10110812812669019,0.24012513037036104,-0.36877337937337151,0.89225739719910113,3.1272271801921301,-6.9541582247216676,-0.02501934523156827,0.10396507117177306,0.23809000850040471,-0.36662478958931838,0.89335920854218187
70,1789654020.9193325,3.1415513426628308,-6.8908490172541601,-0.017670957014214329,0.065403649802818931,0.26529113688551414,-0.25145011205589596,0.9285019205306877,3.1717847595468198,-6.9096850254671356,-0.029124187859749687,0.067961936921848293,0.26274809799720689,-0.24936655956764006,0.92960256620669868
71,1789654021.8193605,3.289078664457203,-6.8608231205038317,0.0084652463808169917,0.027882496752394126,0.26499018508528716,-0.070460577522289153,0.96126899211312289,3.3195474482163498,-6.8793982967379232,-0.0017704821156621666,0.029936637084082139,0.26178346140662295,-0.068531710401429982,0.96222482911402663
72,1789654024.8187678,4.047547544234666,-6.9068315503641822,-0.048617282268207627,0.0068922591994668653,0.27089980847595885,-0.026595276253995381,0.9622154030212885,4.0794273486094506,-6.9232519173005791,-0.053560016893618619,0.0088088817410425183,0.26751497509558347,-0.024766806221162369,0.96319507214877564
73,1789654027.8187625,4.8239987471617063,-6.937112075093256,-0.072832459459843013,0.0054789527693771241,0.26824727535563364,-0.011174965647646584,0.96326969249697925,4.8570274877672963,-6.9515489226896543,-0.072204941438413772,0.0073646046964683659,0.26478400050624207,-0.0093903609516137309,0.96423390149629862
74,1789654030.3188822,5.5973669972060671,-6.9458149383156336,-0.096867384350049462,0.010063920684431515,0.26415499124049496,0.0052068629282403167,0.9644136802644645,5.6314876291292153,-6.9583351887015139,-0.090534464416262256,0.011915497056180209,0.26062122573806829,0.0069667631358167658,0.96534245832041421
75,1789654032.8189015,6.2122586758052369,-7.019177956406371,-0.10007104930678885,0.040110352332839133,0.26350384266534677,-0.11936153894511493,0.95640457315750715,6.2466457622916245,-7.0301488675012056,-0.089573023305661692,0.042348014458352963,0.26034921217391988,-0.11745673588466475,0.95740735770474128
76,1789654033.3188894,6.1972115731731865,-7.1083360316200608,-0.10241234944976363,0.077980264430962953,0.26553827069035651,-0.26962874821920835,0.92233878986596052,6.2318874046835901,-7.1192693361777017,-0.092425246566560773,0.080620106920312962,0.26292046665762481,-0.26757673029742635,0.9234586725869397
77,1789654033.8189497,6.1510786582949599,-7.1823349587221657,-0.10587097970495725,0.11030500574153265,0.24533525025569444,-0.41680787505456712,0.86828256689999461,6.1860238224414701,-7.1933079937854627,-0.096543393182613957,0.11331257799689567,0.24330185524224002,-0.41471054434655957,0.86947089158358937
78,1789654035.5188591,6.2262144682934295,-7.4640903855448659,-0.11919414767987691,0.13408506806628978,0.22628462439254815,-0.52530015226855842,0.80924422352675296,6.2620835764492764,-7.4747216186047467,-0.11054806000543102,0.13731616514499401,0.22474440379185895,-0.52320707290435653,0.81048663321301606
79,1789654035.8188717,6.1493273465332692,-7.5002245819755533,-0.12398162550484826,0.17370291350723768,0.20828387893336575,-0.64737165359814364,0.7122886112614597,6.185385622518722,-7.5109883160649229,-0.11603300745563586,0.17711368793470636,0.20741247012208361,-0.64528409972589684,0.71359599173829602
80,1789654040.4189086,6.2136842557987171,-8.2695883385968472,-0.1256847048980341,0.17543056520014577,0.18998220848243746,-0.68508870999794946,0.68101713391561181,6.2521290436434009,-8.2800232202043862,-0.12048328143696978,0.17889169268402449,0.18930691834495325,-0.6830637144850108,0.68233761065129739
81,1789654043.6189497,6.2151438797500109,-9.0402541784910824,-0.14014200357539869,0.17724588198809443,0.1914181247473597,-0.6791679456763865,0.68605677636896167,6.256123718588241,-9.0504921418691264,-0.13808943494269446,0.18066092648331866,0.19072126136234155,-0.67711591932062409,0.68738712666817703
82,1789654046.8191862,6.2125451705872692,-9.8084640546981046,-0.1563846773536671,0.1759063258352847,0.18662247809188734,-0.68114019107940471,0.68576749361417078,6.2561045411513456,-9.8185110551570425,-0.15746648436679811,0.17930177237082351,0.18593291511183471,-0.67909444380682538,0.68710302131004708
83,1789654050.7192028,6.2357838764924525,-10.572278050311764,-0.17282072448272623,0.17559640027931669,0.19004323001068429,-0.67385589904470544,0.69207492532114057,6.2819445210153892,-10.582054469518102,-0.17681129815693378,0.17894062750854287,0.18932115494325968,-0.67178780390196768,0.69342548168232943
84,1789654053.7193983,6.24889804783174,-11.326844073040336,-0.1744386007126516,0.17434194875257997,0.19013031251525686,-0.67966114693061408,0.68667028079021908,6.2975620166782162,-11.336441565587778,-0.18133758071839362,0.17766174584757799,0.18943904488890573,-0.67760083684979955,0.68804524432221814
85,1789654056.8194642,6.1945379346591984,-12.100900844669912,-0.18331120581162777,0.19178430871060917,0.1776103714912767,-0.73156292085285923,0.62967374703405221,6.2458477502292018,-12.110502728459684,-0.19361493470515381,0.19514004152519196,0.17724038103134829,-0.72955647629503562,0.63107333917808639
86,1789654060.5187976,6.1689310107206836,-12.854825339732285,-0.19152698956588141,0.18253906005693946,0.18283937194926161,-0.70112259823850187,0.66458735908649436,6.2228486373815528,-12.864346973278606,-0.2049144979738686,0.18581296317720625,0.18228078338875095,-0.69907929967638105,0.66598452796327789
87,1789654063.6187668,6.1184449669310155,-13.616057989602725,-0.20427708745213785,0.18635766834827774,0.17836342602086658,-0.7160892888654905,0.64859343049212181,6.1750501368146908,-13.625563617695592,-0.220897229526894,0.18962281413768706,0.17789192755162894,-0.71406891336591094,0.65000249032976587
88,1789654067.01861,6.061885799209163,-14.38211348136141,-0.21793189459387513,0.18057077583490314,0.18132040848099967,-0.70680316678813204,0.6595046533576947,6.1212187669204754,-14.39162100635232,-0.23780239060397307,0.18378752612808796,0.18078557326378394,-0.70478068135509264,0.66092579986565347
89,1789654070.3188028,6.0468341694539118,-15.135787786445968,-0.2358346259065115,0.17868395127351491,0.20360856840549876,-0.69210603581610131,0.66903275825297448,6.1088924274965821,-15.14514768785944,-0.25859962395806729,0.18179787354296531,0.20301140431693177,-0.69003766674946054,0.67051019482143881
90,1789654074.6198189,6.0310547485892529,-15.898693180379459,-0.24420525729741677,0.17375850598938147,0.19531102280026066,-0.69552854872966341,0.66925452846474676,6.0958182411712132,-15.907943032869557,-0.26986298290543381,0.17686530737156952,0.1947097498386052,-0.69349684323688932,0.67072267352954273
91,1789654077.8188932,6.0243635032297762,-16.649020873351347,-0.26809224632243611,0.17498390793232707,0.19718425482834459,-0.68460657108693679,0.67956813082766243,6.0918936110057693,-16.658076409235953,-0.29650077479489628,0.17803806674184211,0.19653056677419553,-0.68255851224801778,0.68102280466370113
92,1789654079.9189358,6.0167673169526825,-17.409136084340062,-0.2954215622141686,0.17268750642780004,0.20698824062489427,-0.67523051560374969,0.68658476837441074,6.0871205259092465,-17.41798827413449,-0.32658289586883166,0.17567499075582729,0.20628964802676522,-0.67317089075045566,0.68805801396842381
93,1789654082.7187676,5.9658736785751234,-18.178327751159255,-0.30449130877797076,0.18456493849750524,0.19332946495437295,-0.6944453514002833,0.66806074228013634,6.0389639487090889,-18.187185243373026,-0.3386716989818368,0.18756775070072437,0.19273901627911527,-0.6924158204380223,0.66950006878862256
94,1789654085.6188443,6.0348639345264594,-18.772200210962644,-0.31326561679602311,0.15185588449492554,0.21617791611170981,-0.57257903971451829,0.77611863926138158,6.1100793436598986,-18.780685541352202,-0.3490629857994999,0.15456261405392155,0.21498755926087959,-0.57046062128961228,0.77747374698940019
95,1789654086.1186924,6.1164145139749584,-18.708383844664837,-0.33768405405588958,0.12152174558915287,0.25000730612640903,-0.41548361693713737,0.8660843932831781,6.191619219640212,-18.716455222643081,-0.37276994550525916,0.12377360092831123,0.24824284873324198,-0.41328549542540138,0.86732386283154028
96,1789654087.0188563,6.1892343669582797,-18.715480747399081,-0.31880787443512731,0.08886965181422761,0.25562761519451682,-0.29795859594583524,0.91541104561712783,6.2643965211776322,-18.723313374144549,-0.35347957157788401,0.090785224956444741,0.25349057647453521,-0.29579556420048586,0.91651816936028718
97,1789654090.0189278,6.7853795506675603,-18.975470369548237,-0.35866281543920725,0.053218239315004433,0.26810454990389215,-0.15590792133958989,0.94919992066375414,6.8617083127384566,-18.981125339262967,-0.39057584599082423,0.054692516158757837,0.26561531820733009,-0.15381072812390628,0.95015761393772813
98,1789654092.8188667,7.547878129456258,-19.124220366516045,-0.39331033139308208,0.036590915501863754,0.27191443550240596,-0.080288552707609651,0.95826791294070124,7.6249772714787696,-19.127192340219413,-0.42116644865949321,0.037816756365919663,0.26928191050052042,-0.07824947498991347,0.95913198532785537
99,1789654095.3187616,8.3004495534118572,-19.237451136915134,-0.43233161190492497,0.032382132152540238,0.27608023370172469,-0.060238641798990702,0.95869828836299276,8.3782227667357976,-19.237791189295042,-0.45611918707142857,0.03351991965057427,0.27342972411133559,-0.058230768172987696,0.95954248399797382
100,1789654097.0190132,8.6586859143645896,-19.406663522218626,-0.4541592050305121,0.073489475907752788,0.28501013574529038,-0.21243702762616454,0.93179344746895243,8.7371846079052453,-19.40572474279783,-0.47636147521880889,0.074969761276789657,0.28274996308197808,-0.2103899852882859,0.932827983800677
101,1789654099.018856,9.0843722415095662,-19.708187143055042,-0.46358618353357423,0.096553097408100169,0.2582283921739712,-0.33172352623256846,0.90219460151313069,9.1639275579033566,-19.70581345623885,-0.48420134883863619,0.098330801677726204,0.25627092726768597,-0.32974180586887392,0.90328655848579409
102,1789654100.2188661,9.227909578417389,-19.970801126450493,-0.48204626014856361,0.13500493931769469,0.24189375266451227,-0.46161985407566852,0.84271477327997923,9.3084222178013878,-19.967865656514405,-0.50256819752329829,0.13704337999666419,0.24034394016311594,-0.45969402148264021,0.84388109887535478
103,1789654103.1189263,9.5434180213266142,-20.68841253625839,-0.50389685101458914,0.14425434233207965,0.23701621048290705,-0.51241820912474467,0.81267556850412803,9.6262477399624089,-20.684371121512793,-0.52454419348846471,0.14636790788443749,0.23562972602519455,-0.51055684855610761,0.81387147151579198
104,1789654105.3189809,9.5609199676085677,-20.900594309139517,-0.50247980894964117,0.15418595866798965,0.21674984345877846,-0.62554360207884496,0.73344488368786265,9.6444066758983897,-20.896433176011882,-0.52357689851567668,0.15649042453989603,0.21573057399981491,-0.62384613361218899,0.7347020267061718
105,1789654112.7190456,9.6663972641541314,-21.193119458732287,-0.49410236140434477,0.13882057761722782,0.240773597844779,-0.48517613287912387,0.82907239846397851,9.7507083741097933,-21.188607585559378,-0.51534768461573188,0.14077425937958871,0.23930115598834287,-0.48342891295632839,0.83018916564638068
106,1789654116.9191782,10.089935640810367,-21.823963094249571,-0.52977890175768694,0.15136463672097569,0.23181067063682068,-0.54603239151106986,0.79069664672956708,10.176194430478283,-21.818129582887284,-0.55023644617463197,0.15341285452703443,0.23052431296960443,-0.54436111059152459,0.79182953877164797
107,1789654117.8191755,10.07945400261139,-22.057329256757942,-0.51873677046798061,0.17069520900669818,0.21741784191875066,-0.64423784544873497,0.71312707572253264,10.16630938564481,-22.051472333425238,-0.53978423118567453,0.17288928266004497,0.21645838380933796,-0.64268762505387989,0.71428823357419791
108,1789654119.0191669,10.128960727469458,-22.215210114067585,-0.54040805736958586,0.14127768465849258,0.22857519388940684,-0.5377005688540839,0.79916962830765437,10.21636857525457,-22.209116935395009,-0.56154422904740409,0.14322647827818194,0.22723413633298375,-0.53617809477670164,0.8002273888631023
109,1789654122.7193034,10.486242088782598,-22.899429553846417,-0.57986011558768413,0.14313481593432198,0.23778297606694146,-0.50524958361659877,0.81712577918879092,10.575526891989306,-22.892307528321574,-0.60057739892021023,0.14497920719457597,0.23636132024345149,-0.5037399557746659,0.81814449379687348
110,1789654125.6193898,10.610771368223755,-23.364400652668674,-0.60439112657378258,0.17185907442530632,0.22063516774669029,-0.6285709127514757,0.72572941853922079,10.701288473728738,-23.356857359571801,-0.62541018394351233,0.1738968541975566,0.21958385592656482,-0.62718140843275005,0.72676426386616411
111,1789654128.119534,10.684442399006487,-24.126816118448552,-0.64174861620505042,0.17382652971751189,0.21630154010640473,-0.63976930972720247,0.716723943819776,10.776818815305672,-24.118924897537493,-0.66384818539903778,0.17586233460215925,0.21527429009740295,-0.63843064953881112,0.71772956259359222
112,1789654138.4166207,10.742327589768607,-24.893429954112918,-0.67350111353949871,0.17667466095298226,0.20757860734159814,-0.64958117298450646,0.70974748020317213,10.836474246284412,-24.885240871128147,-0.69672513175069783,0.17871088134371416,0.20656802997784338,-0.6482943955599394,0.71070841177377275
113,1789654142.1187007,10.767121876299491,-25.644470858947226,-0.70659507958419421,0.18009246528229012,0.19920075315941468,-0.66622343285026286,0.69572415612071636,10.862940597246702,-25.636052867331603,-0.73103506728116896,0.1821376317628256,0.19822789918614225,-0.66499601594148361,0.69664329600020702
114,1789654149.8200114,10.879445215913883,-26.134313577736101,-0.71727816141634737,0.14991272137048781,0.2246321074095371,-0.53857588507192056,0.79812443159600432,10.976261956210385,-26.125580845939435,-0.74201217442917999,0.15166228818220648,0.2232598424192794,-0.5374121758727447,0.79896291924592977
115,1789654150.32021,10.945092462447175,-26.080893510826836,-0.71519077334513448,0.11688268776034058,0.2509157655495538,-0.36085689154502493,0.8905964404400365,11.041865704518466,-26.07199963252695,-0.73953084684163461,0.11820858364987419,0.24915998000466341,-0.35980683052117496,0.89133892533977954
116,1789654150.5185459,10.99423591503229,-25.994782429818095,-0.73018026129190994,0.075643228296099707,0.25576355326309042,-0.20663544116074078,0.941363320557419,11.091016208341467,-25.985738373922704,-0.75417050056133494,0.076600352751411541,0.25376970587464015,-0.20576014212259475,0.94201703076555243
117,1789654151.2188716,11.001467408295936,-25.890559505425561,-0.72063838909379818,0.025287028275095789,0.27180606321860579,-0.039507157095916789,0.96120820571623078,11.09813812093239,-25.881456438438221,-0.74446326033861732,0.025829394674235635,0.26966475579585952,-0.038845237597287287,0.96182368933621731
118,1789654155.7189353,11.776210227465706,-25.911697221933437,-0.73736013807429324,0.028000505522287965,0.2714999405665397,-0.019399070811546723,0.96183544851180103,11.87306936300811,-25.901741219744913,-0.75771370355450518,0.028482068304250683,0.26936585533414609,-0.018795232129816666,0.96243313898389959
119,1789654158.2189801,12.536383463918263,-25.952273381872828,-0.76997006941531287,0.029620662579339745,0.26709733295518107,-0.0015807741770658865,0.96321292154381422,12.633513989549169,-25.941548798173002,-0.78697307807965611,0.030050071391231691,0.26497019274494288,-0.0010423082054377406,0.96378768603862885
120,1789654160.9189706,13.301405471885431,-25.996020824693353,-0.79723970373050279,0.029900899951188501,0.26607205578899845,-0.01768778457328922,0.96332691210542964,13.398780125436392,-25.984622827949217,-0.81090527245735178,0.030352246379102873,0.26397184430924608,-0.017218696087596047,0.96389891744765466
121,1789654163.4189534,14.072482914345692,-26.028987868810351,-0.83054205511722401,0.021309743583104335,0.26941738656987224,-0.0073084322928688014,0.96275996668902752,14.170116126133069,-26.017004026985877,-0.84086310413248111,0.021724250341399336,0.2673295682383155,-0.0069286304003457434,0.96333532737743799
122,1789654165.8181729,14.820229245789189,-26.074599090025202,-0.87022212338422733,0.018984847234471521,0.28342972521686582,-0.0078680631933853423,0.95877278852703829,14.918146995501587,-26.062138451375148,-0.87734258087157069,0.01938461357224679,0.28136902178068951,-0.0075631551577265812,0.95937401935996403
123,1789654169.6188474,15.578666684982913,-26.240383481227518,-0.9115903918065027,0.031232574258980152,0.2789808882965566,-0.048585069338485068,0.95855812620160363,15.676905656792727,-26.22754429982329,-0.91559935555802385,0.031707517790137668,0.27695911527686673,-0.048346930424352501,0.95914068629121674
124,1789654172.1189449,16.338274814024899,-26.265575971200803,-0.95514190269891985,0.026584893160062958,0.27900601365351796,-0.026204571380189425,0.95956355091205436,16.436795956918925,-26.252487983448347,-0.95594471536610248,0.027001924782502719,0.27699055556642432,-0.026062456702670642,0.96013950889215316
125,1789654175.4188066,16.807278701454429,-26.39048121364727,-0.96421055098896635,0.05790417444051929,0.27133597487045552,-0.15687436541188413,0.94784720751785756,16.905907780772054,-26.377309169942087,-0.96313641700453867,0.058570811287107755,0.26941027078765672,-0.15681331165671483,0.94836551568819993
126,1789654176.4188483,16.983741696868304,-26.543754609300301,-0.98433132733596429,0.098393166998325565,0.27217151913042181,-0.30038903834780079,0.90884975353579822,17.082466521867094,-26.530550325173962,-0.9826289841414193,0.09931945735485799,0.27036798875052831,-0.30039145069774525,0.90928640834306707
127,1789654179.2196236,17.569063734570999,-27.036366838406533,-1.0289966358728602,0.10127621670203066,0.26022262052418943,-0.31706887766564967,0.90636341635858542,17.667770630013077,-27.023369282630636,-1.0251752881446077,0.10221739619068955,0.25842726529415228,-0.31715733930405005,0.90674041191189736
128,1789654182.418818,18.09965980646777,-27.624339103877414,-1.0591823019138771,0.12000991430044419,0.25949825500901169,-0.39895108335771817,0.87126133232451419,18.198131885618345,-27.611613996329126,-1.053497049805926,0.12108774274250589,0.25777592348147838,-0.39911422200239005,0.87154871902047037
129,1789654183.818826,18.371769920147798,-28.05083170729856,-1.099199463605363,0.14557054986842499,0.23588401170763049,-0.52876334869398445,0.80223267766212858,18.47004054002818,-28.038274892884392,-1.0925926360954965,0.14685226007373489,0.23428179002173397,-0.52899720005645678,0.80231441399732906
130,1789654187.2188761,18.564208879699674,-28.292501020980488,-1.1079496982101449,0.11351075491861899,0.24693335461265858,-0.39264599994672383,0.87861729189828519,18.662249009860041,-28.280123890424846,-1.1006561241512174,0.11451587402028626,0.24517758870244985,-0.39316681002810411,0.87874565380873837
131,1789654187.7189326,18.59925241596871,-28.230007840181479,-1.1346496455743238,0.07632401748957672,0.27947053500151109,-0.24536215722787041,0.92513149131353134,18.697551620914687,-28.217626479003027,-1.1272212241637096,0.077058393931291921,0.27765699900417135,-0.24617632073301746,0.92540035332772697
132,1789654188.1188755,18.603793975898519,-28.156690752276546,-1.1397832352924477,0.042399263471928531,0.28019880569186739,-0.086506792546459793,0.95509554840785826,18.702313926064519,-28.144257657465868,-1.13234520338703,0.042821263556149312,0.27839079629247837,-0.087605288955535654,0.95550521572313352
133,1789654188.4189258,18.585484604112931,-28.056776500629415,-1.1013476923005867,0.0048249952330958875,0.26170489803533847,0.059193510385790307,0.96331894723026046,18.684158032027181,-28.044229232748524,-1.0939981816505118,0.0049443815889478717,0.25997738161527439,0.057839034175069415,0.96386822764570046
134,1789654191.4189737,19.322631112918256,-27.889280304032802,-1.1368046333178841,-0.0011394503211849157,0.26801586046033793,0.11400212346218616,0.9566450313674757,19.421985526642203,-27.878651554975924,-1.126866624213587,-0.0011142877771495256,0.26634458027221114,0.11252348582342296,0.95728668018546836
135,1789654194.2187324,20.088496746761574,-27.849030579810201,-1.1840217499502819,0.0058646568525246353,0.27482096895718655,0.045817260539529607,0.96038524533510816,20.188231170676108,-27.84058201984157,-1.1713982381357761,0.0060138496165908686,0.27314646918374386,0.044210357204775612,0.96093719061188876
136,1789654197.618947,20.859192306067172,-27.776879268262963,-1.2177332954952687,0.009315680295157943,0.27537293131059448,0.058721773937939599,0.95949711832131479,20.959370778276718,-27.770818250777364,-1.2024649788766508,0.0094398509890343488,0.2737172159836731,0.057016668003616447,0.96007232772183237
137,1789654201.4191215,21.63632092165955,-27.758610559733835,-1.2539106294377906,0.033562039087537673,0.27789350574936261,-0.03190298929455429,0.95949517365537118,21.736779517997277,-27.755116326520398,-1.2359829094819741,0.033840322978217492,0.27619328121399844,-0.033725795819949486,0.95991388918448639
138,1789654204.7193744,21.949692085136984,-27.903686974826854,-1.2723425455305535,0.079149110886938517,0.27408158982525604,-0.1760961210730364,0.94212783448264326,22.049734575725655,-27.901291840347046,-1.2532710765443142,0.079657729634870125,0.27228853486990112,-0.17801014025118159,0.94224518563671911
139,1789654207.2180068,22.258616460742587,-28.120721350363084,-1.2843913134365732,0.096317704503249058,0.26959272494402081,-0.31000364731937158,0.90660928800913199,22.357868851849442,-28.119522360898749,-1.264142615711753,0.097038260156869324,0.26776764862820246,-0.31200378890584696,0.90638716789363649
140,1789654211.8193085,22.510857960649478,-28.464596718201346,-1.3204306758584079,0.13665171372428267,0.25617350628841867,-0.44825057796454904,0.84544240677045057,22.608748118300497,-28.464471091804597,-1.2990761796935739,0.13757460923288445,0.25427123376876082,-0.45023616115296239,0.84481167473134222
141,1789654216.3193171,22.952569997623023,-29.078184323550254,-1.3677704777480313,0.13419362946661251,0.25181973236679894,-0.43623296956683061,0.85339304453659459,23.047685871204532,-29.080146929562211,-1.3444196253975838,0.13507307251306389,0.24990276277879667,-0.43834902052743796,0.8527332586688765
142,1789654219.6195831,23.155665892505784,-29.596513846686669,-1.3934761799352684,0.15053079115749404,0.23986580981022576,-0.55288486313213203,0.7836601318914882,23.248570702338565,-29.599331885961,-1.3689423176643469,0.15168975945928365,0.23796859895667907,-0.55472011920879871,0.78271754300689855
143,1789654221.2197256,23.152130567875687,-29.928323081670598,-1.4091455031747613,0.18163132787060857,0.21866186802165746,-0.64604282326988127,0.70839658293215713,23.243716038117544,-29.930964838922211,-1.384334816342351,0.18300811937916647,0.21679329166691602,-0.64757212205698922,0.70721923309828916
144,1789654224.8196692,23.303073478873035,-30.642912052115669,-1.4569554224067778,0.15651056904116234,0.24227258283144076,-0.55011799275258977,0.78369549662843441,23.391708535133027,-30.646084061890789,-1.4311404983965195,0.15785043328650822,0.24038342696650961,-0.55184232587447435,0.78279569245400737
145,1789654226.2186255,23.437473464344823,-30.707276169607152,-1.4616268162337058,0.12511555820001924,0.26534948738801634,-0.41922286254968377,0.8591786415839805,23.526054125211708,-30.710975163472611,-1.4353133430904903,0.12636905621719513,0.26343465181480569,-0.4211479375957905,0.85864280146799099
146,1789654226.8197749,23.593129131743257,-30.760624871783477,-1.4749452511018966,0.08586079468509962,0.27500623420178971,-0.28350924132654537,0.91467043527593439,23.681747064398337,-30.764950537876274,-1.4480577521404783,0.086985869044627406,0.27308741712924806,-0.28560120831555352,0.91448820167398703
147,1789654227.3196304,23.613028344266354,-30.6991236072753,-1.4667883911063238,0.053533022497411237,0.2723002988696141,-0.14400141003514061,0.94986859967309722,23.702141976070315,-30.703421026759649,-1.4398364450249104,0.054485048687452908,0.27036683271361978,-0.14619873862250712,0.95003109636638694
148,1789654228.4197679,23.713177872633729,-30.686406655898811,-1.4883642350334629,0.031839389133063029,0.28097177309628651,-0.019753052144925436,0.95898432362210706,23.802669881612136,-30.691059111056358,-1.4610312257850262,0.032656962789563405,0.27902433108764191,-0.021978206345993276,0.95947689075259546
149,1789654232.4187863,24.482069296549845,-30.783362214003063,-1.5276998787218095,0.045882606962359067,0.2802764289783054,-0.061174215920320699,0.9568686561086962,24.571691936344848,-30.791467054430626,-1.4973881364645303,0.046838610441346788,0.27827365895935585,-0.063350582072978279,0.95726517697674085
150,1789654236.3178687,25.248314882469913,-30.873386162924938,-1.5697419950935727,0.047177212944672545,0.27689382874464957,-0.051170031037285645,0.95837662017849434,25.338113316794601,-30.88492941595776,-1.5364177632239948,0.048157575226000934,0.27485757913646391,-0.053342322710561295,0.95879547128020848
151,1789654237.2188802,25.473332892824384,-31.007565509115217,-1.5858312308115696,0.079498331025646143,0.27603164413643982,-0.20702844072591448,0.93521429176915194,25.562823134780828,-31.020037212392399,-1.5516593356799746,0.0808945525912452,0.27396276198458325,-0.20907283379586403,0.93524810963476845
152,1789654239.1199224,25.924510599064007,-31.149457821450824,-1.6218572050719329,0.047031224916598523,0.28174042603146587,-0.083043504365622842,0.95473251364156264,26.013795221381358,-31.163927863689164,-1.5859071466624077,0.048285699247739754,0.27963148295984214,-0.085208413179607645,0.95509907931546534
153,1789654241.0189455,26.340875303501353,-31.058353411714467,-1.6373625686760511,0.016619870421614575,0.27850991172685158,0.038229583752090422,0.95952827363367177,26.431005040875586,-31.074701154462563,-1.5995759610543883,0.01769977570870656,0.27636944348254522,0.035974480026433907,0.96021481213103432
154,1789654242.6189914,26.51295207097283,-31.001612447636145,-1.6408237332525488,-0.017463893568718379,0.27277746794243996,0.17947423985747707,0.94502722851307941,26.603638312841699,-31.018684731370595,-1.6022373680060007,-0.016623698231841708,0.27062307577216704,0.17716272202352432,0.94609733824904296
155,1789654245.9189959,27.125803712398646,-30.520947791807082,-1.6544265511968526,-0.044339289496781321,0.25591634915916034,0.28995464284342876,0.92112276854538,27.219465261007215,-30.540905960275985,-1.6125721959674657,-0.043731245771560054,0.25375751032478633,0.28762215774336553,0.92247937563507831
156,1789654248.3191912,27.760874682235556,-30.080247022116847,-1.6679141955764283,-0.045595298889740662,0.25701220420930454,0.30414217148365413,0.91616774399180212,27.857333340311712,-30.103247198188026,-1.6226108124164098,-0.044977066732479344,0.25481818448917387,0.30181386186145603,0.91758005051878566
157,1789654250.4190531,28.180579319622687,-29.898700961680326,-1.6585957385255712,-0.015406528087282165,0.27679258731184575,0.16041991561288924,0.94731935120921718,28.278281509306314,-29.923728136472445,-1.6111149482981264,-0.014296301881387105,0.27448496511585346,0.15808290796190055,0.94840045017290786
158,1789654252.9188697,28.607798936242339,-29.853477010161402,-1.6878304125290531,0.021380459058477116,0.27103708210728955,0.032409771445942738,0.96178551808977675,28.706204108836765,-29.880547005061242,-1.6382771922208119,0.022878284100851309,0.26864933405917502,0.03010221447753389,0.96249570186557787
159,1789654256.0187232,29.357751807375092,-29.783477157291827,-1.7355821369518454,0.018218253706566052,0.28814824251014054,0.0049860411477729285,0.95739951167892856,29.457195843365913,-29.814267592326892,-1.6823222537601199,0.019885219547758022,0.28577384273512513,0.0026836581416867403,0.95808699335233438
160,1789654258.4187663,30.109147920337538,-29.762501263865939,-1.7966750565704839,0.023831580003478733,0.2836281385389291,0.020542351931851145,0.95841804375740025,30.209434508026039,-29.797037591563843,-1.7397409844140965,0.025506867358288717,0.28119382064432319,0.018226825359841211,0.95913878963699362
161,1789654260.1193628,30.711566609722627,-29.664441137721717,-1.8305003455529272,-0.0027803579172978872,0.27135314731756682,0.14591579407155691,0.95135078708662368,30.812943524632242,-29.702030100189589,-1.77042637058125,-0.0013633073525552357,0.26883349185065547,0.1435013422952793,0.9524358560091587
162,1789654260.6193235,30.654522841467234,-29.596324515549309,-1.8133474820992868,-0.045505895197057826,0.25398604893915955,0.28670453867852125,0.92261628424112063,30.756434409357063,-29.633498887196954,-1.7534120767322103,-0.044432762130447889,0.25144256062141379,0.2842026341887387,0.92413810173468536
163,1789654261.0188534,30.581137868552052,-29.553346506959183,-1.815960216666465,-0.078863876536840766,0.2510053117270068,0.43681261010652517,0.86021599968467344,30.683545600366926,-29.589961688377937,-1.7562975059950181,-0.078175302403368965,0.24846451799963956,0.43436173273283818,0.86225511916524744
164,1789654261.5189371,30.513562958026071,-29.533265300179171,-1.8157485792220978,-0.10803665843667502,0.2217174409101299,0.54944180674286147,0.79830016775170942,30.616318464722646,-29.569353828522573,-1.7563852497539205,-0.10774787629866955,0.21920775260220132,0.54702699526063625,0.80068709419369222
165,1789654264.6189041,30.642387742978634,-28.787060492424484,-1.7838914324186892,-0.12484090304360392,0.20611391562261897,0.6078820450993917,0.75657862906568274,30.749944210393522,-28.823781678092541,-1.7218516565821758,-0.12477375802702689,0.20362427685293255,0.60551211645672609,0.75915989093736336
166,1789654266.9188604,30.818404947857459,-28.029004137229485,-1.7567024510529947,-0.1233897853971121,0.20911960039144395,0.61777323252589733,0.74793060290740265,30.930912991950805,-28.066643839517624,-1.691593168366845,-0.12332868058937772,0.20658566246482635,0.61543402850068896,0.75056868917605757
167,1789654269.018815,30.962909158050195,-27.258943730043971,-1.734707754693209,-0.12608272849546823,0.20763925025499669,0.62437754404234869,0.74238923067584439,31.080493503964721,-27.297299956976637,-1.6665790371289821,-0.12603195777061693,0.2050691242908329,0.62205006113461658,0.74506128695934559
168,1789654271.5187874,31.087592964428023,-26.476479381439599,-1.7256268090021432,-0.14447038093150483,0.20465961718328665,0.63017098387273474,0.73493352162757464,31.21040814111268,-26.515393197021588,-1.6544662148348426,-0.14443721917174671,0.20210294726590192,0.62782416745836112,0.73765107142848019
169,1789654274.6188831,31.168577881172531,-25.684230899446664,-1.6871977594404868,-0.13496989584084107,0.1983737192542166,0.65747532073984738,0.71425289452905383,31.296512031545198,-25.723521879654445,-1.6131273988666881,-0.1350482598211232,0.1957399979414246,0.65523066694826004,0.71702203161110456
170,1789654275.0188005,31.110334773400055,-25.615052343862462,-1.669713246202722,-0.15567337611164211,0.16604227686557432,0.74534544806714842,0.62662263389380934,31.238828610389312,-25.653915789112066,-1.5957442411922156,-0.15622395775055634,0.16347588193665935,0.74328678176592644,0.6295986587516178
171,1789654275.5188138,31.0128616773735,-25.663435377121179,-1.687788732220173,-0.19028141878819732,0.12167630301950665,0.84692636476987682,0.48135599259204204,31.141408501323738,-25.701516150183942,-1.6145352206173003,-0.1915034661998653,0.11932908870898415,0.84515464026657694,0.48456230255478322
172,1789654276.1184833,30.912380903005527,-25.620848600396517,-1.6577707365264667,-0.19345134810053294,0.082507902725089871,0.905590208222258,0.36834141319853514,31.041249358836922,-25.658307028258676,-1.5849447690962248,-0.1951780499094237,0.080288117251617386,0.90408623972146007,0.37160115474532063
173,1789654276.5187922,30.869241125522532,-25.640351304330114,-1.6564042836410799,-0.22315245558474781,0.066904545290217346,0.94406079090216932,0.23340091359356091,30.998210097403518,-25.677438629958477,-1.5839055878170041,-0.22532161320158026,0.064990242501412401,0.94283955763408434,0.2367699464970365
174,1789654276.8189626,30.862209420052469,-25.715182203508398,-1.6576228158643533,-0.22258709097626569,0.011030389007448885,0.96750546347878363,0.11944243629005734,30.990982656847507,-25.752095863792434,-1.5854626385032118,-0.22524962962508546,0.0093136448148157438,0.96649960362282161,0.12269627773879031
175,1789654279.6189106,30.108539158391004,-25.65719593621845,-1.6093192970375312,-0.2214255413827218,-0.0063279381059814753,0.97344643970175637,0.057729679141559312,30.237828082013287,-25.689743249420662,-1.5414961865633383,-0.22431515602753854,-0.0079462282172638558,0.97257794690089172,0.060923767410647041
176,1789654281.7187498,29.523827515768829,-25.781141196212861,-1.5896563257183041,-0.23025242155270714,-0.038580284286789841,0.97027026102520297,-0.063804424632317142,29.652712240144815,-25.81024645742129,-1.5259551239734515,-0.23353195644620761,-0.039884198335552859,0.9696306287752372,-0.060733185183021517
177,1789654285.0190496,28.751304879267423,-25.795300769632355,-1.5319472144458168,-0.22535464355204943,-0.016314139075236805,0.97409384111201358,-0.0095037993725257033,28.880236635527961,-25.820122216209,-1.4731337979826657,-0.22850154199634501,-0.017883386174836816,0.97335826128717873,-0.0063972641195032933
178,1789654287.4193697,27.969640559329076,-25.817748083012148,-1.4895000061907115,-0.22342707407811738,-0.020425112360321976,0.97442595010346089,-0.0125389440554805,28.098671757277039,-25.838247028374081,-1.4357298187046117,-0.22662173507594999,-0.022048570368185357,0.97368709710095769,-0.0094808583469832251
179,1789654290.0190797,27.214533511838646,-25.851011275853125,-1.4439896702539348,-0.22492958730347826,-0.019910549509287861,0.97401568325690424,-0.017426977431512451,27.343575304859545,-25.867421597637932,-1.3951923966785105,-0.22816218216521506,-0.021572758018151134,0.97327756040290236,-0.014402262227587453
180,1789654292.1192057,26.621302941442529,-25.782521153695555,-1.4055359509847367,-0.23122560611572079,0.028094921538001187,0.96044277595436356,0.15262722095469905,26.750562064424273,-25.795886843513767,-1.360243257293247,-0.23385465144090731,0.026058613035343316,0.95932172057213072,0.15599611253057796
181,1789654292.719224,26.669479371464085,-25.692163879912766,-1.3994753096233281,-0.20516139138992709,0.084210898929964514,0.91688599262983927,0.33186955946974689,26.799266047687642,-25.705772697441599,-1.3534643188516016,-0.20704652758780384,0.081758954392708624,0.91538196706783148,0.33544457538835121
182,1789654293.1192226,26.753996222151599,-25.602427305271455,-1.407778096161691,-0.19301746745138185,0.12841100634066507,0.84263059823593356,0.48603348199983021,26.884443347325803,-25.616464514434782,-1.3608394178401266,-0.19415984817018925,0.12572101142492795,0.84066604287884594,0.48967007770053145
183,1789654295.0194428,26.739978261523341,-25.283800737383732,-1.3868742010382369,-0.16537408032606293,0.15887744799515713,0.76183110180804614,0.60582401932564678,26.87249427541806,-25.297762987642276,-1.3386469257860854,-0.16588274901456487,0.15599701928471699,0.75948390016280209,0.60937020680958265
184,1789654298.1193321,26.569414224754002,-24.535129792310677,-1.3448163056005311,-0.16523459117375308,0.16253086504635261,0.76903371529650688,0.59570831161169746,26.707109195910103,-24.547951500993744,-1.2944905554634072,-0.16576152190800836,0.15972029036937069,0.76666061603142288,0.59936970771418208
185,1789654301.4193492,26.367296304355531,-23.767979975415383,-1.3093662536365642,-0.17284761547295391,0.15890244274799498,0.7883426145927992,0.5686735773096061,26.510521221264,-23.77935916241578,-1.2571012508989035,-0.17348879287759114,0.15622342412000664,0.78596594590377566,0.57249752172536095
186,1789654304.919534,26.143689736835988,-23.050923109612452,-1.2794842202434178,-0.1705383714596827,0.15951688298425046,0.78413083918638282,0.57498683023074348,26.292284627583264,-23.060625622176726,-1.2256617743551352,-0.17113976524433838,0.15687018409685605,0.78167678362756177,0.57886469233422877
187,1789654310.4199092,26.024818264003507,-22.290697258261972,-1.2503513794461711,-0.16473739682543503,0.17339571123558706,0.74003966334041371,0.62859908852491408,26.179270376256966,-22.299491949051099,-1.1942016766282522,-0.1650295751641542,0.17071949875180589,0.73733294449341324,0.63242408321611543
188,1789654313.5197673,25.791296570018705,-21.620896277438042,-1.2229403599384538,-0.18565450766194652,0.14019943677962171,0.81942171145428566,0.52385549582672453,25.95109604209074,-21.627817770796653,-1.1655644320128768,-0.18650368157442102,0.13786044047636117,0.81691569734915837,0.52807160417446131
189,1789654316.1197588,25.596578813261303,-21.427577482149932,-1.2122390774669936,-0.20635676562310495,0.11266985733563072,0.8824444332426995,0.40744841485464267,25.758015201805016,-21.432827271417104,-1.155286227504368,-0.20770690802679201,0.11074045679556899,0.88024403369823967,0.41202528165794755
190,1789654319.8199191,25.03480347540588,-20.876382887130251,-1.2061041531105354,-0.2127895918501676,0.10075722593208629,0.89612795829252101,0.3761957647133044,25.201165569055657,-20.87662225630093,-1.1504126764228935,-0.21427463302163396,0.098984061365916767,0.89398403127114012,0.38089511557796818
191,1789654322.01879,24.661387924594596,-20.674651382459075,-1.1657338547332285,-0.22075703662541768,0.051926075486901292,0.94326434842972084,0.24253326049304488,24.829418085872238,-20.671597789485283,-1.1114946024859378,-0.22281614152343213,0.05059301288007817,0.94157093883340293,0.24746208046630183
192,1789654322.6197598,24.660422565510043,-20.759190233672275,-1.1682865251492651,-0.23358377999794988,0.0074598394732353834,0.97049007694515022,0.05943045571873707,24.827731898946148,-20.756052301609945,-1.1143580614377266,-0.23621653271683443,0.0067807980159584379,0.96952985334112352,0.064557214390362438
193,1789654325.5188174,23.90163097176422,-20.787412611642392,-1.1278801850700093,-0.22780982594036073,-0.0094514355532718374,0.97365728996675038,0.0021989235192701527,24.068583429084477,-20.776912686221561,-1.0783848362169239,-0.23061002790723364,-0.0099371941302901917,0.97296749329665322,0.0073840496659350972
194,1789654327.7188699,23.104716289402933,-20.80465964555135,-1.0918621631897354,-0.22868609295448225,-0.013793591386213335,0.97324204430944183,-0.017672886388309883,23.271448404249384,-20.786228766806705,-1.0469431098262465,-0.23152198759003129,-0.014167239270530102,0.97264720125986526,-0.012420969171694897
195,1789654330.1199622,22.341216947098737,-20.828158968308276,-1.0525439348651591,-0.22955093883327471,-0.012467295231805838,0.97320077491333101,0.0055843296358420664,22.507641384401158,-20.802005488603644,-1.0120028990980563,-0.23232483096709586,-0.012851044008085366,0.97249206690950052,0.010918030138265368
196,1789654332.9190769,21.583696529215747,-20.859540058553531,-1.0179192550501239,-0.23011595439382199,-0.012402332353901448,0.97272065778685513,-0.026596082405673186,21.749756356827405,-20.825576154739075,-0.9817173749905328,-0.23291984430636078,-0.012640617062696979,0.97218296813539851,-0.021185782874880797
197,1789654335.9191196,20.802513868466246,-20.917010188604557,-0.9869679228965601,-0.22887176524448563,-0.018528115559783068,0.9723241746842417,-0.043129147119892942,20.967957890078122,-20.874838563007344,-0.95528585476331329,-0.23171393621722067,-0.018679378183671224,0.97187481805524778,-0.037670553798326373
198,1789654338.1191921,20.37490033580179,-21.09576977754736,-0.96583212416144026,-0.22730559980185794,-0.056093876572494324,0.9585580908105481,-0.16233307688336618,20.528473857150658,-21.049454060630993,-0.93623802388626343,-0.23038472069499044,-0.056027964449209489,0.95863164774907006,-0.15750908419476048
199,1789654340.3187928,19.630926889355433,-21.371641922564848,-0.94018459681904609,-0.22795973915927512,-0.059390761837367231,0.95725023489597338,-0.167866263797711,19.768446146305781,-21.318669713177055,-0.91431300384681802,-0.23100918576089716,-0.05940819389519205,0.95728731287381486,-0.16342099988382677
200,1789654342.5193412,18.90213911715335,-21.652298221259546,-0.91470995372030306,-0.22483972525986257,-0.059645066169504268,0.95637697236349672,-0.17672761741877613,19.023909038896388,-21.593374495533844,-0.89246669341864993,-0.22786214371112973,-0.059786610232787314,0.95637689275480353,-0.1727647061899748
201,1789654342.8193312,18.772681962061036,-21.617380337901213,-0.90196139384821772,-0.22491360694665882,-0.024567976341284967,0.97243275584312394,-0.056434203379397301,18.887680075769385,-21.557719874589989,-0.87971135860260363,-0.22760969462197844,-0.025268971068596154,0.97197475099762254,-0.053107338836866781
202,1789654343.8193145,18.615997322645569,-21.549527064007766,-0.8982355123041692,-0.22932857563080145,0.016901999985379886,0.96968689931590002,0.082644080790684082,18.724124799331133,-21.48915522774378,-0.87598181674186371,-0.23165935228376314,0.015639755875741176,0.96892518084513723,0.085283858143453545
203,1789654345.7188706,17.870432471085831,-21.426916018931728,-0.86525199542789977,-0.22931055282345467,0.021882056071417522,0.96982929542962226,0.079805912759311454,17.966080233906602,-21.363675026957729,-0.84538276658635103,-0.23164559430421436,0.020529472345583145,0.96911243752566678,0.08209715486982419
204,1789654348.0188942,17.115644419644504,-21.355903105552809,-0.82397627940550933,-0.22463545496460488,0.0052693296591480266,0.9739188139615953,0.031516509140350098,17.198445297244987,-21.290345708316529,-0.80670922165330006,-0.22711108849339459,0.0039220283939017248,0.97328937390616543,0.033361142336070675
205,1789654351.1189089,16.345744782827488,-21.258598780526221,-0.798549726441385,-0.23952996674358951,0.0066465558926590449,0.96755308388958561,0.080138930497558811,16.415608627223985,-21.191265041269233,-0.78388716083656673,-0.24194781382613578,0.0051137458633618675,0.96683287623693437,0.081665748116423451
206,1789654353.0188074,15.593659178779117,-21.167034284148862,-0.76331304903941466,-0.23461224188301422,0.0020968595868125247,0.97047698425615359,0.055920677450621223,15.650647213105959,-21.098528006777116,-0.7512583405111789,-0.23713223718646909,0.00055584964691667623,0.96979254458732089,0.057187529942808277
207,1789654353.4187937,15.531857651802524,-21.078419525791229,-0.76463138566774569,-0.22928858175616973,0.041988967932973791,0.95437679808916265,0.18662422167607162,15.582240419845769,-21.010033469166043,-0.75205777073868429,-0.23161234649349541,0.040028226493444258,0.95369820747990652,0.18765178146018197
208,1789654353.9187911,15.592587230022595,-20.979435787960078,-0.74565454006320031,-0.20752356760575319,0.087136941901267168,0.91181419153328502,0.34341811594866184,15.636124591921604,-20.91141979463513,-0.73185237871422237,-0.20954727586797989,0.084721972266400727,0.91126840002450959,0.34424123766389514
209,1789654355.2189033,15.381576533633183,-20.666451152784386,-0.72898964500739161,-0.19569755344045769,0.13451665681407224,0.84556754574205617,0.47814564957101824,15.416101534956738,-20.59869551589971,-0.71462411167731865,-0.19738307218828313,0.13181324923690699,0.84508598745589592,0.47905622211262178
210,1789654355.4189723,15.465233189527254,-20.619505014776557,-0.74324444786935284,-0.17985605025791057,0.17252138229119815,0.77216121871321985,0.58451281093935437,15.493178117760031,-20.551978690332959,-0.72768633079530154,-0.18122269274507191,0.16960711363507683,0.77173001848563683,0.58551220414843796
211,1789654355.9189062,15.538598975822216,-20.598205602040935,-0.74321670617888813,-0.1530270331490402,0.19423842776580605,0.66861592074831655,0.70128946293631311,15.560029843255073,-20.530946049572936,-0.7266124718301098,-0.15396739790174782,0.19110725055947542,0.6682231558102133,0.70231750170845253
212,1789654356.3188739,15.617203759842626,-20.599035651674068,-0.74669832358692134,-0.1352679739163925,0.22736279381551375,0.56944145683592384,0.77829632046958208,15.632112668528199,-20.532041409622739,-0.72907186729445039,-0.13583496532914524,0.22411340569745727,0.56908994324530471,0.77939635621278913
213,1789654356.8189728,15.734279819344799,-20.625698929445893,-0.74051360225569451,-0.091020438673822979,0.24444826243459628,0.40835553002950004,0.87476058886395203,15.742260745565357,-20.55904077257992,-0.72166193056400585,-0.090996391793069467,0.24107946195688093,0.40811268628100356,0.87581070157867236
214,1789654357.6186564,16.030335300783854,-20.477339634451916,-0.74465356488989953,-0.057658236284115677,0.26494102416319015,0.24921736984574136,0.92971634602715592,16.029779138669905,-20.411176089714747,-0.72275799780309558,-0.057061750766814329,0.2615941533054294,0.24895487913874051,0.93077060745860285
215,1789654358.5188546,16.118300976020809,-20.504417480177157,-0.73118397626433629,-0.014211923841490372,0.27677944591391673,0.075548859013190819,0.95785360543303344,16.110976210681962,-20.438606463912357,-0.70824149736643716,-0.013028324666458566,0.27354317668394923,0.075313842505038739,0.95881813623500334
216,1789654359.318886,16.142857279161337,-20.578682847830919,-0.75310096833682982,0.015367931564919493,0.28137219222573145,-0.060431325519959299,0.95757066110880318,16.129029076161935,-20.513070614801563,-0.72965274080435072,0.01697319741954471,0.27826321574123203,-0.060604259865180539,0.95844072170421646
217,1789654360.5188367,16.285782639656109,-20.508156458678766,-0.76534745258614645,-0.012337648910149615,0.276526890510774,0.073824590974841189,0.95808694334603772,16.264928949205654,-20.442939691368526,-0.74017604604745901,-0.011201042153015518,0.27323134801226656,0.073459725436936046,0.9590739470222388
218,1789654363.8187981,17.047543594627019,-20.434111517711234,-0.79173455876205767,-0.013187778462757798,0.27136997609291869,0.089358119575680309,0.95822729299440412,17.013958932627165,-20.370348844761267,-0.76020188039965986,-0.012114588553322401,0.26805747369488564,0.088909110353360216,0.95921509456256648
219,1789654364.8189793,17.276227615592049,-20.467317905168422,-0.81026482315127613,0.025715823150519058,0.27980206082739256,-0.036207265730514492,0.95902999802075961,17.234921854692949,-20.404133639783478,-0.77663698857110219,0.027198644264667317,0.27660513645121637,-0.036609962190697953,0.9599007984720942
220,1789654367.4189363,18.020951445837774,-20.373594073976037,-0.83639491702729574,-0.010824620624539288,0.27473357564179907,0.072085548887267606,0.95875333827005449,17.967131118765849,-20.312070493410094,-0.79649495683477101,-0.009716774843671238,0.27147361895523908,0.07141938102738779,0.95974315861674575
221,1789654369.7189865,18.768725011074057,-20.3022681842988,-0.88289212455041322,-0.002060257164404652,0.28286656976088009,0.055035332451794788,0.95757682262729671,18.702487251372954,-20.242557944209267,-0.83679911881213898,-0.0008893358063458641,0.27964976778876099,0.054300260946429341,0.95856491596483195
222,1789654372.2190113,19.540764179103942,-20.308958122109182,-0.90657480566943038,0.020501763548114262,0.27504356740064823,-0.019230563131986522,0.96102075896595607,19.461584251178557,-20.251328838810252,-0.85432883781395952,0.021902894269603644,0.27193061582094014,-0.020025813454938396,0.96185912180387778
223,1789654373.9190443,20.324076375771728,-20.335571667121432,-0.95531729695779688,0.017810072251478386,0.27680419127029948,-0.0054709754186863854,0.96074570488162625,20.231922321359253,-20.280181200493026,-0.89697375394791756,0.019156908068455335,0.27373417770557862,-0.006338912295461685,0.96159369331335476
224,1789654375.519088,21.096957557900435,-20.351068435522347,-0.99074839544597793,0.020200112333908303,0.27633181426505865,0.0018307916939887085,0.96084823572059619,21.005073267588269,-20.297429756230546,-0.92753966228490403,0.021515540394515763,0.27326699664300419,0.00089217802083407479,0.96169716339688949
225,1789654377.7190292,21.859562913203746,-20.342704856025094,-1.0336821596544381,0.016119975625758075,0.27356711104082088,0.0027889144329105186,0.96171378491618642,21.768054816103039,-20.290890267044766,-0.9656524190452408,0.017422462117039957,0.27051994100382443,0.0017540496745918671,0.9625551114833929
226,1789654379.1191256,22.634720981216486,-20.351203697910378,-1.0657594049230128,0.018996355967322891,0.27228049077540561,0.0046396990306614592,0.96201920250839967,22.543473963716522,-20.301383483783994,-0.99289039746991326,0.020285095996802921,0.26924191436469763,0.0035302154599781703,0.962852451836957
227,1789654381.919318,23.387914169489736,-20.269923503320531,-1.1034173537005727,0.0040353340050533594,0.27430661700266612,0.049630430171865296,0.96035223556146398,23.297224742630004,-20.222145227563832,-1.0257035266984365,0.0051791570033593807,0.27127516192248785,0.04837331468136033,0.96127154606978804
228,1789654383.7192445,24.139781598278809,-20.214523502480393,-1.1424120265259106,-0.0020661701626912342,0.27201382975066907,0.061546464201648055,0.96032090475446297,24.049590466795934,-20.168932541212737,-1.0599464340486802,-0.00096724137077674772,0.26900062652930923,0.060176783313882716,0.96125776049973388
229,1789654386.4194002,24.902737557616447,-20.174946635517006,-1.1697965386663904,0.0057248559902586425,0.27728701574820086,0.039158523179179609,0.95997174280428332,24.812928974683075,-20.131731734483768,-1.0825691820922365,0.0068975610134343014,0.27429998826268392,0.037718064037934519,0.96087943454753344
230,1789654388.7193441,25.696277982840712,-20.114855883979988,-1.2091185080714346,0.0063333440833891527,0.27757955846909343,0.047977766647691579,0.95948299170920093,25.607005474530148,-20.074248262054109,-1.1169385397141594,0.0074766260620087776,0.27460278404603594,0.046444712255931449,0.9604063201376587
231,1789654390.5194924,26.474089374675948,-20.052038693299039,-1.2452663873543242,0.01032316489291223,0.27692723293587085,0.020370835162317791,0.96061947148638227,26.385351953801955,-20.01413315040072,-1.1482558184532561,0.011547697422335121,0.27397938038437536,0.0187388733903248,0.96148364751174908
232,1789654393.6194234,27.277201778347465,-20.118810728250057,-1.2946845148704953,0.028308960119482814,0.2870134002347125,-0.030954555867017786,0.95700769397776819,27.188586672633605,-20.08384507746397,-1.1929257493520904,0.029704080609830798,0.28409652297236132,-0.032645447309603698,0.95777925849336243
233,1789654394.9194303,28.081411805266438,-20.188933151875368,-1.3218778327000413,0.033253510546938481,0.28843879469596084,-0.025745125924209133,0.95657433283603055,27.992752287108317,-20.157144615956955,-1.2153985273055703,0.034635377754234455,0.2855206168113873,-0.027524231863054707,0.95735092032327174
234,1789654396.0195208,28.849506932896315,-20.233178958660677,-1.3894172813593073,0.028381821616720881,0.28241502800588231,-0.018477332134123645,0.95869432686037059,28.761139587969769,-20.204520049664588,-1.2784175519542467,0.029730287297034239,0.27950831634719553,-0.020390144342092312,0.95946623344633686
235,1789654397.0195165,29.611882351373719,-20.27911107738014,-1.4437922789770354,0.026488060057306428,0.28489919589529944,-0.018153659076099875,0.95801945466345384,29.523708560656623,-20.253739865409894,-1.3283314463980869,0.027841696747095229,0.28201038005282086,-0.020177900925336792,0.95879499257085909
236,1789654398.2195418,30.364560263812852,-20.302475439216881,-1.4881689812478955,0.024875682440919065,0.28485636785670293,-0.011953375729957244,0.95817282727185482,30.276615871585889,-20.280522232229245,-1.3682963916555808,0.026212719022363089,0.28197906840668358,-0.014096764863928848,0.95895879972099152
237,1789654400.1197207,31.148708361841262,-20.375417037391014,-1.5356326266071287,0.034128612746631322,0.28121866382693367,-0.056906767774141755,0.95734681317053338,31.060758989240679,-20.357198362128162,-1.411247847677819,0.035590043307292804,0.27835996049777306,-0.059165633323360153,0.95799191491500024
238,1789654401.919683,31.896654659289325,-20.456441979187105,-1.5743085836506587,0.026493120868732352,0.28188845148995689,-0.039212177306442844,0.95827940633877862,31.80858155610127,-20.441999662964356,-1.4456572977606295,0.02790787194056453,0.27904822274426244,-0.041624358422805006,0.95896853590350273
239,1789654404.1197546,32.652799565820793,-20.508906969112275,-1.6344144702976942,0.029926076201663765,0.28704722531549864,-0.022198236650761868,0.95719149530818504,32.564862927728448,-20.498451064258994,-1.501436725228054,0.031309342596094351,0.28420252611784308,-0.024726279641574103,0.95793384965222106
240,1789654406.5196922,33.408659724192134,-20.526486681859115,-1.6815698898770761,0.024775984619104272,0.28344653779506762,-0.0098988567601056583,0.95861682826448225,33.320969364861952,-20.520225300435438,-1.544252633112535,0.026118806635014282,0.28061805928451555,-0.012579727543126673,0.95938160457572652
241,1789654409.0188956,34.147430902068031,-20.615746665903128,-1.7314801794714527,0.053786698057641795,0.28424768200718897,-0.1371817284022879,0.94736023759550914,34.060186324089173,-20.612918806797971,-1.5900398150784956,0.055558630531293035,0.28134624798826591,-0.13974709467362537,0.94774905795083408
242,1789654409.7189517,34.186717201404001,-20.715718918061839,-1.7251366894799924,0.084530104824691338,0.28605239634323226,-0.26984973638774229,0.9155379881222574,34.098814183359565,-20.713235921079146,-1.5834675774962257,0.086691165440017134,0.28312919994649777,-0.27209536877235035,0.915579930025198
243,1789654410.2188585,34.181066668517055,-20.830668193587165,-1.7363316022740545,0.12449792911556019,0.27783375852898934,-0.42578876676154448,0.85206372670483921,34.092551630054352,-20.828240680684292,-1.5947192251533735,0.1271117524181587,0.27498633421369439,-0.42758569703291516,0.85170158511404415
244,1789654410.6188729,34.102788370344882,-20.906227542719019,-1.7208796853154498,0.15997638805570596,0.23821041012713778,-0.56909128735866665,0.77058319630201721,34.013758380417151,-20.90386975258798,-1.5799510076863208,0.16296383118565499,0.23560143050160334,-0.57054127941151822,0.76968656228256926
245,1789654411.5188034,34.047444693860051,-21.128833486373743,-1.7335334042605957,0.17361289667260749,0.20980595335693752,-0.68498983639596212,0.67574325603592578,33.957272276888588,-21.12670933520392,-1.5933515621366463,0.17690540524722323,0.20754406198984862,-0.68612826564157203,0.67443157029809775
246,1789654413.9190171,34.050056070359041,-21.883415823443777,-1.7570614339997088,0.17644367357055257,0.20594100313820021,-0.68036914047776165,0.68084782878978833,33.955889470120688,-21.882187256376692,-1.6180569905066053,0.17974448120998723,0.20365037510435963,-0.68150406224089866,0.67953709195566336
247,1789654415.9189119,34.058736378013514,-22.696216542958187,-1.7941365591239651,0.17231923714396252,0.20594978141248843,-0.68318990808429814,0.67907460380792639,33.960351513105174,-22.695943269310078,-1.6563919525337993,0.17565619395790982,0.20367492953130661,-0.68432379069089222,0.67776277125487383
248,1789654418.9200211,34.060747198141101,-23.462623683656194,-1.8241382034998836,0.17633421155716442,0.21006675173578224,-0.6949573916315489,0.66468972420612493,33.958358059154648,-23.463241036137596,-1.6876538864238044,0.17973926518659206,0.20783168110716715,-0.69602533624997442,0.66336153052197933
249,1789654421.1187639,34.02208234227087,-24.22423410505094,-1.8617788759268632,0.17181154146191036,0.20801517383903001,-0.68668108559934804,0.67504041979139529,33.915775011189822,-24.225504332228027,-1.7268460177430156,0.17521485142548363,0.20574306385314742,-0.68778638368213785,0.67373543616000531
250,1789654423.119091,34.015983279689017,-25.004046922766978,-1.8943561025693612,0.1699114161489283,0.21075338783916178,-0.68026231394936798,0.68114338020394993,33.905626905713078,-25.006168392471476,-1.7608020601378462,0.17332606232830877,0.20844994159263938,-0.68138214833861155,0.67987135981246261
251,1789654426.0192866,33.983821241663613,-25.767204085881929,-1.9240529948735356,0.1799474921433438,0.21473458877714144,-0.69526733315630251,0.66189975970578863,33.869492098044105,-25.770025146761228,-1.7920415209640772,0.18343108816126016,0.21246654087236999,-0.69629098960236357,0.66059810982492739
252,1789654428.5188172,33.973860502953279,-26.538541130442926,-1.9520956951699515,0.17315875033231556,0.21640174711434776,-0.6816314521441359,0.67717419802876777,33.855503687957807,-26.54219148276551,-1.8214950548642483,0.17662851484985775,0.21407220688610076,-0.68271488635172417,0.67592591453102358
253,1789654432.0192931,33.948290114962731,-27.30411061097908,-1.9679756051149213,0.17444365425811528,0.21004165424912599,-0.70283362471624433,0.65686894502358639,33.825854358914874,-27.308518070507073,-1.8388860826570226,0.17797050023137789,0.20777462759680668,-0.70385846239838257,0.65554517013291036
254,1789654434.6187999,33.929484963355996,-28.052533042940187,-2.0247875325442721,0.17358598057984917,0.22348009125431362,-0.68408377067116022,0.67227520470579882,33.80335073026059,-28.057663308261361,-1.8971272365677461,0.17710826063580648,0.22112460208462176,-0.68514239066312044,0.67105624122267216
255,1789654437.7189426,33.882564040506949,-28.828661527049182,-2.047189661667395,0.17307628248324278,0.21316049558519987,-0.69577176598442958,0.66370840978652079,33.752337395336625,-28.834431628395063,-1.9211934575446568,0.17661546322658644,0.21082090346842372,-0.69681646149865151,0.66242610440298466
256,1789654439.9189065,33.853485896009218,-29.605421233602645,-2.0816512377820415,0.17203066801660577,0.21883568243006005,-0.68782125723312104,0.67038668800488865,33.719244523044907,-29.611912416405893,-1.9571777645430246,0.17556914543463184,0.21644303768772594,-0.68888594046605089,0.66915173737805345
257,1789654443.4189808,33.786486108304452,-30.354424637904824,-2.126952678630972,0.18237537566917308,0.21649566040912563,-0.70310748692806635,0.65231028904810173,33.648456803108871,-30.361394842732373,-2.0042087686928314,0.18595573696291451,0.21411954211422893,-0.70409095512208486,0.65102166821899465
258,1789654445.6186285,33.731549054240972,-31.124652893590934,-2.1614820193120776,0.1784736296945105,0.21726454374048601,-0.6932087705483343,0.66363007916349392,33.589528436035714,-31.132199137194821,-2.0403885316282748,0.18203155379193794,0.21481973208299776,-0.69424323709381697,0.66237702547822419
259,1789654447.9188285,33.714117420179129,-31.880900666104417,-2.2072606045561858,0.17893711078761804,0.21898718037822182,-0.68752558919419515,0.66883083766742979,33.568251445247476,-31.889204612179554,-2.0874930266541085,0.18248358803511852,0.2164856754014533,-0.68857875548238157,0.66760241906552464
260,1789654450.7187583,33.739899096859681,-32.649895343705346,-2.2493861017124672,0.16911788821810958,0.23073608383891095,-0.66875406854096264,0.68624193642475695,33.590077287186368,-32.659213191761658,-2.1306121306239136,0.17263729366718639,0.22814717361726328,-0.66989298854159574,0.68511941726135117
261,1789654452.7187924,33.776780514341901,-33.421525482645556,-2.3027363636247475,0.16961762757167895,0.22728516392612277,-0.65809945749804832,0.69747861523888988,33.623058521254421,-33.431911512661316,-2.1848299357264107,0.17309005357868987,0.22460887600922208,-0.65927821724970859,0.69637843047444137
262,1789654455.3189027,33.846147576994127,-34.179531045690247,-2.3605319625224586,0.16996378385374958,0.23034621595952773,-0.6526720858995223,0.70147849664659057,33.688124358412772,-34.188924412085228,-2.2430026347612384,0.17340518838973148,0.22770154543193291,-0.6538734294168923,0.70038002909136654
263,1789654457.2188914,33.923143468157249,-34.938894996616781,-2.404446036306005,0.16741456071005975,0.23097308668153399,-0.64641545849741844,0.70765164671989433,33.760683866374563,-34.947352943148523,-2.2872763070400035,0.17081408075057061,0.22836051623107562,-0.6476510345299985,0.70655655252515848
264,1789654460.1191077,34.044161526398177,-35.696245574489183,-2.4514241647990787,0.16668946281508024,0.25240440870825831,-0.62392171387870432,0.72057500123196905,33.877285907156178,-35.704006199985891,-2.334330122343752,0.17004710577963786,0.24979122553965272,-0.62518594059903865,0.71960465891811898
265,1789654463.4191163,34.065552697758541,-36.447818284619913,-2.4868149204421659,0.17098935194154188,0.22305976992908019,-0.66708263599447659,0.68993313974267778,33.894224627238287,-36.454352232865673,-2.3705317448407328,0.17435640615402437,0.22063511375803224,-0.66825791405068158,0.68873169704803405
266,1789654465.7190847,34.100734290127264,-37.240781897254564,-2.5339180488514925,0.17346271015170439,0.2231523881299329,-0.66135403056329523,0.69478381250223464,33.924813481076995,-37.246101234796683,-2.4184333674419918,0.17677851555170451,0.2207511098886247,-0.66252157267872036,0.69360180915103686
267,1789654468.3192079,34.20124894928658,-37.962738505429357,-2.5839947055398369,0.16038328174750158,0.2568847890453822,-0.54111269802750783,0.7845281742073501,34.021210784588149,-37.967268211706731,-2.4687915221803793,0.163382838249641,0.25423715309438361,-0.54250788732825883,0.78380782742875421
268,1789654468.8192596,34.287395829685153,-37.918520098003285,-2.5763017903810748,0.11828444337722455,0.2846095864019918,-0.40367053544641779,0.86142688174571425,34.107282353851808,-37.922851480344328,-2.4604702954358171,0.12091295828345994,0.28183681825561457,-0.40534547819068834,0.86118703410180086
269,1789654470.3192785,34.301590659594567,-37.836547780498798,-2.5686140597894567,0.085160119708170737,0.2843465017487104,-0.2585327848889456,0.91926906838577027,34.121602011355776,-37.840304639978832,-2.4525758502512627,0.087340124545934081,0.28148288086279022,-0.26041582072986069,0.91941431941159035
270,1789654472.0192385,34.31584863503786,-37.74123184022735,-2.5571794877050698,0.045753377498139139,0.3006324030604397,-0.083931382017049236,0.94893746358179165,34.136017900359072,-37.744407946423927,-2.440914849028283,0.047452771918592311,0.29776768342732268,-0.085944271102172023,0.94957686545549558
271,1789654473.419328,34.482744044241919,-37.660387311697839,-2.5855177965504592,0.0078753826377942482,0.30073832499723496,0.035844275721187181,0.95300032850094374,34.303193265590821,-37.663612974005247,-2.468143231422367,0.0092320321961313449,0.29795594847206552,0.033743291764732217,0.95393836939947108
272,1789654475.8193002,34.965225551176104,-37.509886471480861,-2.5985601210797578,-0.017454229577859016,0.27729166860459714,0.18937950475058365,0.9417749644004425,34.786079790624868,-37.514442757768769,-2.4781886618828133,-0.016566127544078064,0.27458407458224982,0.18721292767433909,0.94301668549162232
273,1789654479.5194752,35.548622541868262,-37.316309501305476,-2.6324653311931097,0.014661809341694863,0.28959408349507093,0.068849502293906781,0.95455751224537078,35.37016525677344,-37.322562255938898,-2.5085681770955883,0.015957683345525164,0.28695024651769596,0.066698146483621767,0.95548744922229456
274,1789654483.5196495,36.300837302931562,-37.381234464980764,-2.7086245267750915,0.035746440756459982,0.29632435789383332,-0.0011998780628633867,0.95441742816410813,36.121939513829311,-37.389883101358585,-2.5808095306160737,0.037277814652515243,0.29374758132318918,-0.0033749298077384647,0.95514990072255246
275,1789654489.6188035,36.410273275314346,-37.480515987331117,-2.7238164777828784,0.060522010249032178,0.29681436209240269,-0.12642758980590141,0.9445921793375488,36.230657383270774,-37.489000878845118,-2.5955892517741375,0.062401335387879564,0.29437534954379407,-0.12862606981176933,0.94493627355899312
276,1789654490.3188808,36.392054640260099,-37.55888049317678,-2.763910075455164,0.085387637655613344,0.3069661144368579,-0.26381612255071302,0.91042946426625104,36.211955734519123,-37.566535558236566,-2.6358981281348295,0.087627318227977785,0.30473010181157695,-0.26596726902393036,0.91034193024271437
277,1789654493.3198428,36.446651018551819,-37.462156888040575,-2.7526391011080507,0.059832448613023108,0.30255457304221256,-0.10890035020982095,0.94499815986439006,36.266786214659561,-37.469461087042717,-2.6242073242823185,0.061747244718273253,0.30027250845968234,-0.11135130535178341,0.9453171876304195
278,1789654494.5197186,36.332845253440325,-37.375010437932488,-2.6888249826354258,0.024858312365041546,0.28218234590616342,0.051097912903864527,0.95767645437319338,36.152933218694976,-37.381015480206159,-2.560778543376407,0.026404092732687855,0.27994459452227644,0.048383442419079131,0.95843251738680146
279,1789654495.9187682,36.017615208032403,-37.373615616191749,-2.6806077841193603,-0.0085520411955795888,0.28120398535019353,0.20003119594586707,0.93853007509706965,35.837355800558854,-37.37680433441038,-2.5539495269848635,-0.0072959807870470357,0.27908589462955496,0.1972098327943704,0.93976918119950736
280,1789654496.8189406,35.944928050831891,-37.347673691302099,-2.6889688967522618,-0.052261290660530479,0.2663093360878816,0.31414396877385869,0.90975912300599027,35.764621264758965,-37.349723456850903,-2.5625729131101984,-0.051258580878406075,0.26438373543381655,0.31123892711144202,0.91137485623365333
281,1789654497.51984,35.341274730270705,-37.837469109199482,-2.6492044404659523,-0.032226154263842961,0.27343527929388073,0.32354301178468936,0.90527042509010835,35.157070577062314,-37.834247806634885,-2.5260585863624905,-0.03119307847127575,0.27149497146277718,0.32068782614164359,0.90690506145376526
282,1789654498.0198207,35.215576128077679,-37.814742348735692,-2.6796100366205962,-0.082332024542851143,0.25618742131056954,0.46226588985879807,0.84492584879897115,35.031377808302921,-37.809934108721464,-2.5569169434860379,-0.081617236760623615,0.25450093267039531,0.45949220604604551,0.84701523865654149
283,1789654498.6189103,35.16657643997106,-37.790743407862578,-2.6397713194322368,-0.10572258291417271,0.22242470587000004,0.57126549607277366,0.7829468172717865,34.982142800928195,-37.785025614215037,-2.517218535389794,-0.10530953393934787,0.22090799649465076,0.56862771096490616,0.7853483847751952
284,1789654499.3188915,35.092293737204947,-37.796233252767898,-2.6372813023570054,-0.12359959780460758,0.19205357758837674,0.67276390943249409,0.70372386979684476,34.907565012658551,-37.78936529498602,-2.5149987413283159,-0.12346191944257028,0.19070933048372443,0.6703422505786526,0.70641940290676686
285,1789654501.3189752,35.051186154785611,-37.420729820742338,-2.606198964895694,-0.14677203393967983,0.16165048727460066,0.75618898547853042,0.61685112325158065,34.868539087843239,-37.412733969548327,-2.4833952103722647,-0.14687027647991693,0.16050609986239267,0.75400052343393342,0.61979845470526218
286,1789654503.8189268,34.896919657104803,-36.674706071444014,-2.5630685542296052,-0.16382268654118887,0.16225937548099656,0.76349291720952184,0.6032516786653227,34.718702950462493,-36.664454964325678,-2.4394226328902038,-0.16388775870159591,0.16121792807617333,0.76132531401726322,0.60624528736404115
287,1789654506.3189082,34.716314067248376,-35.936637043183211,-2.5084930031255781,-0.16264550626516538,0.15368866360825381,0.774826738965255,0.59124424610579362,34.54296967894107,-35.926197894098422,-2.3842464702251331,-0.16281856750804649,0.15266209376685627,0.77269675455015185,0.59424247972440492
288,1789654510.3200753,34.451702962096931,-35.214629147525756,-2.4404593203704184,-0.16821564371260092,0.13588019170178492,0.81778096701392655,0.53336137908727244,34.283045304778334,-35.203466358230955,-2.3159724678045235,-0.16862419032393877,0.13494449313242965,0.81582015833678823,0.53646373173045492
289,1789654513.5187843,34.177912206416508,-34.4569536100433,-2.375155879756528,-0.16146122601749638,0.1511888453802403,0.78164849915157719,0.58317907138225666,34.014158277732903,-34.445033533521972,-2.2504980063237321,-0.1617736231502197,0.15019545560602246,0.7795350866686428,0.58617034095957266
290,1789654514.4191778,34.232183851907578,-34.181607980351707,-2.3482082517211751,-0.13323752571372685,0.18558347827850541,0.70311465992843203,0.67337679595017896,34.070191648849196,-34.170690294217394,-2.2230691515234451,-0.13331052707239552,0.18441844366962765,0.70076191338988714,0.67612933803252229
291,1789654518.61882,34.263404116127219,-33.404720197594322,-2.316601180398175,-0.13512883554643002,0.19152402051762674,0.69487522789062017,0.67985819479597398,34.10650937516241,-33.39501630118616,-2.1904445510750774,-0.13520392499210299,0.19036277345518787,0.69249818461365442,0.68258931829905711
292,1789654521.0187724,34.240437893818644,-32.626344430245815,-2.2576203941707269,-0.13889494825826132,0.18189492333086948,0.69985906993745783,0.67662375988411461,34.088545149210546,-32.617527958418236,-2.1306728707588172,-0.13905072885922912,0.18074927830795773,0.69747664682325705,0.67935331038499791
293,1789654523.5188842,34.343751824923999,-32.115087423261294,-2.2483134227041326,-0.1134187788898753,0.22022693965112997,0.60490356717158056,0.7567879161751766,34.195232087455416,-32.10773395490412,-2.120495333490354,-0.11329663208516126,0.2189091078005739,0.60232266669259882,0.75924309734658302
294,1789654524.8188827,34.321465592327442,-31.894643240645937,-2.2279029133542085,-0.1395589839802038,0.18513005248056702,0.70839489922552756,0.66665344850893438,34.174335384089481,-31.887724636638076,-2.1000032406071987,-0.13985450668510885,0.18399200291533108,0.70604306738506151,0.66939588198655908
295,1789654528.6189361,34.341619722877958,-31.137823079147594,-2.1911395032569319,-0.12651659468956258,0.18439199769474193,0.69287926009149126,0.68550089233202338,34.199343965010726,-31.132021267916407,-2.0624952296800894,-0.12681336324528217,0.18317991515794727,0.69048910509158756,0.68817751004734673
296,1789654531.7188644,34.357263933865674,-30.375332796131637,-2.1574202840047447,-0.13472557293948964,0.18649163684655348,0.70653320706006351,0.6692389085389997,34.21987080257157,-30.37061702421337,-2.0280749593659819,-0.13508311285555272,0.18532126394209933,0.70418369201562647,0.67196272936182866
297,1789654534.3188615,34.325479927380542,-29.569283451850939,-2.1178982060428799,-0.13772013455041959,0.18901413102750786,0.71392431830814218,0.66001431085864337,34.193213271019637,-29.565383512939242,-1.9880157396030413,-0.13811750406598439,0.18785747091761343,0.71160174351431671,0.6627639733105638
298,1789654537.0190139,34.267981702607045,-28.796041021913819,-2.0887147256303114,-0.14829905768104718,0.18625426880132379,0.7259839833119055,0.64518523915027548,34.140647729155106,-28.792752363269361,-1.9584434477891122,-0.14876354173582448,0.18514218960111786,0.72368867332688303,0.64797105057116045
299,1789654539.618875,34.246279073730797,-28.049841736048247,-1.9979129113175125,-0.13380227072980153,0.19389017076671292,0.69365610203534134,0.68069432650445749,34.123448378555345,-28.047438253355573,-1.867158095893247,-0.13419265870931277,0.19266270087025009,0.69127814382818376,0.68337979331215759
300,1789654541.0189412,34.26325448299422,-27.284955766869395,-2.0173354226741056,-0.14014621020170853,0.19106409239201017,0.70118928716236406,0.67244861211237916,34.14545503719193,-27.283592470803473,-1.8859447123456503,-0.14058603024580246,0.18985244567286816,0.69882642838974118,0.6751542341982274
301,1789654543.2189915,34.235997420177782,-26.504520010534115,-1.9985184843389252,-0.13613439252411066,0.19073462757500123,0.70255139198811667,0.67194439548974438,34.123166845317208,-26.503959748426812,-1.8666563709397388,-0.13659600860751997,0.18949138897480508,0.70020033576339646,0.6746510458998195
302,1789654545.5190475,34.278027942147929,-25.716953047362285,-1.9424669114129207,-0.12736905972836141,0.19496799628806785,0.6755591536510529,0.69956017108194168,34.170047750076563,-25.717686397158225,-1.8098503520549896,-0.12776840909243323,0.19362822873046856,0.67314406730754817,0.70218260255103249
303,1789654547.019094,34.299081032359716,-24.926933765885188,-1.9465546317483535,-0.13684566782745186,0.19749648701547221,0.64370760272870675,0.72657341198343739,34.196190014281846,-24.928767193438382,-1.8132541499979529,-0.13717288517774909,0.19611669768190343,0.64119518477849824,0.72910258227441804
304,1789654549.1192079,34.346338733704322,-24.142183543206407,-1.8753600720092896,-0.14076995684196572,0.1887529597489451,0.67445049421729319,0.69976615400100151,34.248172924372021,-24.145357583006216,-1.7412543234261051,-0.14121515341538035,0.18739230512772345,0.67201960802594085,0.70237600389922905
305,1789654550.4191456,34.374280292348189,-23.363538259288116,-1.8406295909623276,-0.14185946148483192,0.18902574226129196,0.68599251076379797,0.6881565498666401,34.280926709514247,-23.367885657182541,-1.7057781812602808,-0.14234385907829625,0.18765485346144958,0.68360502825668923,0.690802466047445
306,1789654552.4193249,34.386237200036213,-22.577731481945726,-1.8139653913308904,-0.14092595990776879,0.1885967127517561,0.69128340563110247,0.68315328211239712,34.297752558772132,-22.583147854824645,-1.6784018997625259,-0.14143283714788316,0.18719735441266344,0.68892274457487301,0.6858129155131335
307,1789654553.719311,34.358424846348882,-21.777284471431066,-1.7857499794911089,-0.14245029974902793,0.18113959852650824,0.70751904056808357,0.66806673706992159,34.274873306744475,-21.783533139117441,-1.6495991281792748,-0.14302923415234065,0.17972959988112258,0.70520839706881677,0.67076152677982115
308,1789654555.519237,34.493740384353636,-21.034111669309606,-1.7455644014510066,-0.13101842433291241,0.21219267007930637,0.63371776326250573,0.73226377745595506,34.41468125550977,-21.042197882237883,-1.6081398731044678,-0.13130447083694266,0.21058910111886603,0.63127143587346701,0.73478414563627459
309,1789654557.519336,34.615288548478588,-20.284895060028514,-1.7502944530315638,-0.12561993963392878,0.21038344997924413,0.63602670344356205,0.73172977747695522,34.540892594772288,-20.293942378829421,-1.6111982060906433,-0.12596795612310985,0.2087059839242065,0.63363884887493116,0.73421774392944728
310,1789654559.4194286,34.736882418179668,-19.530224572795071,-1.73953364200172,-0.1309036834501911,0.21021856677397768,0.63902764965299252,0.72822801567928797,34.667004901609353,-19.540235148368915,-1.598736051763314,-0.13131566328637637,0.20850985738504316,0.63668316195880226,0.73069445545116163
311,1789654562.5195076,34.953353058631386,-19.060001972467461,-1.71918365284303,-0.10330426148252146,0.22860005264909342,0.5359284586691162,0.80613332189873255,34.886149790060173,-19.071490070825266,-1.5766256186438294,-0.10346441102227072,0.22659692292331526,0.53352176732584955,0.80827190595925202
312,1789654563.1194298,35.055124646569752,-19.066288292117797,-1.732971237714267,-0.068768958242444084,0.2610324754434552,0.3956602416702128,0.87783019446026034,34.987937638978103,-19.07843926134063,-1.5898214918201454,-0.068542516710201576,0.25873237252322112,0.39327515460390422,0.87959884923913589
313,1789654563.8195817,35.12822012299673,-19.076702767902848,-1.7513531697291183,-0.039957912971931561,0.27908884699881625,0.27864314573436666,0.91807994096680723,35.061056955338366,-19.089323293856928,-1.6077424444274815,-0.039429494368925372,0.27658301299505861,0.27634855491763999,0.9195534938715193
314,1789654564.5195677,35.282634525049168,-19.102086701278168,-1.765471541134805,-0.0075644189576590396,0.28948351615851114,0.14579403422570239,0.94598423508063545,35.215398833094476,-19.115589932155434,-1.6209615084327773,-0.0067004579100247126,0.28680188315962979,0.14364899531851769,0.94713502196036781
315,1789654566.0195103,35.573894369901353,-19.099812358587144,-1.7597231962454016,0.018504217659556559,0.28886302797209207,0.0015957510027231104,0.95719026247496763,35.506614746038053,-19.114861368146784,-1.6134758833567606,0.019723266372006196,0.28607712850786438,-0.00036484966165631187,0.95800351575191955
316,1789654568.5196455,36.332300565227037,-19.167096488937471,-1.8072008830045418,0.031184201653940907,0.28398616623720913,-0.024809743247757809,0.95799993715638299,36.264941868741708,-19.185746880871953,-1.6564927622410757,0.032440473292451498,0.28113349059065784,-0.026648740298193929,0.95874992610241905
317,1789654570.2196226,36.352869295665876,-19.245331103318254,-1.8228303676067188,0.0759837747285938,0.28379370999367248,-0.16420172509815814,0.9416609738219841,36.285246992708906,-19.264151074659079,-1.6719937935988813,0.077604782079401677,0.28089553118264271,-0.16572127010041315,0.94213144464895959
318,1789654571.4196713,36.466217648643728,-19.392783083547204,-1.831831527636931,0.091411512642301532,0.28121380999210244,-0.29838855674060616,0.90748388284915582,36.398033651749998,-19.412163753280428,-1.6803720161385931,0.093394186291440931,0.27839780762367172,-0.2996471863559424,0.90773550684451032
319,1789654576.4199035,36.629680495072456,-19.484613489650034,-1.8374521058381654,0.059617022623195473,0.28330044406800048,-0.13627489329959064,0.94742589285872414,36.561168047895613,-19.504713966408339,-1.6849724248896181,0.061088140195793741,0.28024314048597465,-0.13753778039318629,0.9480587430652665
320,1789654580.6188064,35.879015440742236,-19.265920239195967,-1.78756674774127,0.047022807152107028,0.2863442629669512,-0.10952568791458309,0.95068393399637796,35.810925713101305,-19.283708167876064,-1.6394329398073366,0.048394250914428491,0.28322960935622393,-0.11074546356486138,0.95140655198614033
321,1789654583.0199246,35.102892341711581,-19.099067825116094,-1.7245265199131621,0.043279307348163987,0.28461791900012406,-0.091545391094128903,0.95327801983863336,35.034927151418032,-19.114611796427873,-1.5810541950253307,0.044570438270109827,0.2814344832259989,-0.092705529327568634,0.95405125256236656
322,1789654583.6188242,34.975577051144107,-18.975726423698905,-1.7223549868140182,0.0042080274257734439,0.28744562639649585,0.043471362846020822,0.95680068195082313,34.907966804959848,-18.990990650929849,-1.5794725736659867,0.0050063337506671812,0.28413056135802511,0.042303400011925035,0.95783880850181768
323,1789654584.0188487,34.953115066227092,-18.897223817026088,-1.7148618056784974,-0.025138120676623729,0.26714364903697979,0.1940276269586218,0.94358657559516079,34.886045640712325,-18.911934015288825,-1.5720623186402878,-0.024855604862178259,0.26372281810795917,0.19278017341486678,0.94481123980098025
324,1789654584.5187788,34.919851443651922,-18.853499703923671,-1.7169150198150342,-0.056396609336984906,0.2727865961710581,0.32704474823471813,0.90302194217822263,34.853279431025612,-18.867630334332929,-1.5743130073503242,-0.056582488133320917,0.26936357720127468,0.32576168672409861,0.90450041944525705
325,1789654585.0188248,34.873256129531683,-18.820558971896677,-1.7001958339779089,-0.084426421612905617,0.23939279659420812,0.44172957412541625,0.86048721757732216,34.807017459885571,-18.834095668958369,-1.5579048501235753,-0.085099119155931532,0.23598054981514541,0.44039413853747394,0.86204658967463166
326,1789654586.0188918,34.835475713294159,-18.698345525487934,-1.7076624370510427,-0.11206469912688376,0.22246041902958244,0.5591232025891395,0.79078069621089775,34.770024403687358,-18.711239338435693,-1.5654895665586965,-0.11326058802489229,0.21914942433839746,0.55778418967585963,0.79247862227321275
327,1789654588.4189355,34.921261291241613,-18.124846057048465,-1.6853656802328041,-0.14106745466013465,0.19178357369404647,0.66869506332460871,0.70439047862722348,34.857829873849283,-18.137174432824491,-1.5416491261973833,-0.14282198398234833,0.18863849614690464,0.66736346496332521,0.70614687161731793
328,1789654591.6190088,34.920725909448727,-17.348515676940565,-1.6666406146906649,-0.14907221448820182,0.19300203424184312,0.69138476430505991,0.68008440456421704,34.859952295622946,-17.359881163182369,-1.5216231425836089,-0.15095878799170517,0.18986696199912653,0.6900845893032117,0.68186893218236255
329,1789654595.21894,34.934309265357882,-16.573454172217172,-1.6439996342422356,-0.14657207432480607,0.19091812934835167,0.69298339705806933,0.67958877736071588,34.876084271824702,-16.583902547621705,-1.4975095956673896,-0.1484914213388015,0.18771087232340186,0.69172982694110263,0.68134042351852453
330,1789654598.319145,34.907162247590243,-15.800655417858538,-1.6225305653607349,-0.14638934542931228,0.18892824284137272,0.70384656948368129,0.66893668252400207,34.851398446620173,-15.810085638980761,-1.4748431205595904,-0.14839352197185629,0.18567516441969156,0.70265853671001643,0.67065272439843815
331,1789654601.519244,34.869353095031229,-15.042348369020385,-1.6048907033345292,-0.15681587843541367,0.18636630115430644,0.70487488160830691,0.66620401030073284,34.815911430020435,-15.05074614481676,-1.456062269481655,-0.15886070648538281,0.18305336995024782,0.70371021143433665,0.66786726076958147
332,1789654604.1192739,34.793952093445853,-14.72221769068517,-1.5795065429770669,-0.16740557499937794,0.15873849235601184,0.78505214485499741,0.57486571854716062,34.741459621634768,-14.729851925090081,-1.4306740592372873,-0.16996748846805979,0.1555921921894024,0.78401216728463841,0.5763913983945288
333,1789654607.2188387,34.448073625445694,-14.043877319043061,-1.5458120634430892,-0.18117425638707987,0.14716335100944974,0.82781016777202732,0.51014621734754206,34.397204092165111,-14.05000226192606,-1.3984668032172003,-0.18406003382502534,0.14413050889545248,0.82684756390902647,0.51153827463013646
334,1789654608.2189567,34.415595970140629,-13.743976271201751,-1.5201609868389205,-0.17291875470405618,0.17636401333139859,0.74998611704944873,0.61360872166619862,34.364969954821717,-13.750037812413799,-1.3724132625639247,-0.17530935879278284,0.17305359779367402,0.74890642298852261,0.61518960542004009
335,1789654609.5189102,34.478691533348481,-13.605912266495947,-1.5123289529492188,-0.14385365823707269,0.2035373717048336,0.66834303852668353,0.70085394069143592,34.428285753811018,-13.612032499675776,-1.3637419784620113,-0.14575626041191919,0.19999300482190971,0.6672121379238779,0.70255666930154792
336,1789654610.3187542,34.401537272004653,-13.501587311272793,-1.5340202491188861,-0.17098786253921572,0.1712626687923168,0.75623686405481061,0.60789641764485125,34.351588268759386,-13.507436656306073,-1.3858762692670996,-0.17337552493738881,0.16813625026334403,0.75493508692337163,0.60970824435304172
337,1789654612.3188338,34.421595678461102,-13.207742554804101,-1.5129437442109892,-0.14530303932596519,0.20488883931310473,0.66611880245546606,0.70227724674899905,34.372245213884959,-13.213605470286939,-1.3640471026244634,-0.14715400117640334,0.20149955775388267,0.66470911730805537,0.70420552222366917
338,1789654615.7187479,34.423227305277514,-12.447203600040412,-1.5105419921251062,-0.14719572701499239,0.2017463600473802,0.68617613870390692,0.68322333890759412,34.376084521331919,-12.452957690026764,-1.3601900257346449,-0.14914130420574037,0.19846959657105079,0.68470196179506537,0.68523712255738467
339,1789654618.5189471,34.472491312060356,-11.649333078344529,-1.4870729575102439,-0.13893245518115921,0.20454813155490864,0.67622415065347818,0.69395874001714675,34.427663326631745,-11.655158131598721,-1.3348445374981206,-0.1408110220001845,0.20126718495927479,0.67469581434194736,0.69602394675132362
340,1789654620.4188733,34.52325161394343,-10.84626819202065,-1.4870397162112601,-0.14250808599658071,0.2071344401052983,0.67827921025183258,0.69045208529374258,34.481116726254662,-10.852136388528201,-1.3329591149156892,-0.14438347557780418,0.20391367521558515,0.67667487192665077,0.69259204640480621
341,1789654623.2189064,34.558142243002052,-10.065502996718109,-1.4728231494535722,-0.1432194296125836,0.20406209215665347,0.68638854963942186,0.68316734146799696,34.518656962232498,-10.071396434303225,-1.3171058159814051,-0.14512946343478531,0.20090823426460797,0.68472262754227986,0.6853672326420378
342,1789654625.3173618,34.55956852569647,-9.3116417644211769,-1.4620273240411081,-0.14922780790485579,0.19403734325306196,0.69400237125923736,0.67708291918805497,34.522811974570594,-9.3174425760044652,-1.3050392065028646,-0.15118267445602587,0.19095653742453508,0.69224710155708413,0.6793182981084579
343,1789654627.7189276,34.687912076745967,-8.5450489271769996,-1.4450032763742837,-0.13030869303257753,0.2156334131579771,0.63947541185888312,0.72635602377645891,34.654020185282533,-8.5512481861821019,-1.2857150216567266,-0.13194437874217207,0.21241068153891243,0.63762695147544035,0.7286317684802478
344,1789654630.0188739,34.768249872150591,-7.7957218683644909,-1.4367804222994238,-0.13633515275640892,0.20686200255703358,0.67896557619737075,0.69110533521193251,34.737417062733407,-7.802145018491637,-1.2756743789250606,-0.13816627540963319,0.20381530592656402,0.67707716438234256,0.69349543248781165
345,1789654632.2188466,34.836636196086204,-7.0257752399522415,-1.4283296080351651,-0.14262750942763985,0.20247921477570777,0.6746611466260759,0.69533581697616365,34.809113626932309,-7.0323872066639792,-1.2655239364578121,-0.14443826024142753,0.19947112553454166,0.6726724120558899,0.69775402909286299
346,1789654634.2189202,34.839978176563847,-6.260756159503897,-1.4166463202557602,-0.15299723252594102,0.20323576173692215,0.67964311657132903,0.68802057097608893,34.815850856958427,-6.2672849328752624,-1.2527206428434201,-0.15482269044883204,0.20031736417750706,0.67756778835539733,0.69051052150878689
347,1789654636.0190067,34.840470481075016,-5.5058095279431161,-1.42144023291609,-0.1535829434401344,0.20253592660105163,0.68966409439173992,0.67805229505206432,34.81995462890464,-5.5122210576149593,-1.2564703542265665,-0.15544854641245279,0.19969262843939464,0.68755035053011471,0.68061231185685855
348,1789654637.3190708,34.775386063234535,-5.1915048885551522,-1.3933158211734422,-0.17051431612506365,0.15773812813619095,0.77888350838471077,0.58256676123277529,34.756208416874244,-5.1975650969262945,-1.228460563824362,-0.1728958312301565,0.15533728636081132,0.7768135844782722,0.58526747216918751
349,1789654637.8190403,34.707105014488278,-5.231371203207261,-1.3927494865097996,-0.19577589402845991,0.12617982071404782,0.85890972705037205,0.45609706525981308,34.687775628063335,-5.2370246071041233,-1.2285002588649818,-0.19861721772409022,0.12438561077167463,0.85696808641136701,0.4590044874823544
350,1789654638.2190454,34.658737685549546,-5.2515904234876416,-1.3936310372036707,-0.20262221474586831,0.092076647543339357,0.91109063197005768,0.34695819546955581,34.639358822155735,-5.2569238140242032,-1.2297979705564759,-0.2058063593543949,0.090782181236037623,0.9093480460036738,0.34998352711037317
351,1789654638.4189422,34.617143159363295,-5.3320432770412971,-1.4121891512622606,-0.20997678742698192,0.050517574950878427,0.94881246116003382,0.2304617905614666,34.597514664311845,-5.3370597733603145,-1.2487788752474176,-0.21346892721695343,0.049762897403642356,0.9473167447182238,0.23355011524575486
352,1789654638.8189597,34.626834260938139,-5.4504051292491944,-1.3733691115536875,-0.20845605667623562,0.013633030303723204,0.97149746005382176,0.11203971629353547,34.606256043212866,-5.4554479195740377,-1.2100066308584185,-0.21218342927825104,0.0134035128661249,0.97032695610800579,0.1151700327027014
353,1789654640.819123,33.884332872523174,-5.2825255988813513,-1.3359938342879452,-0.22346193186830221,0.010459160724854939,0.9710748505716531,0.083480569884775757,33.864629473218528,-5.2829144732880406,-1.1783302941101115,-0.22719571482616532,0.010435321482112252,0.96992777665982877,0.086679405246656918
354,1789654642.2192273,33.503632903718625,-5.1396739547738406,-1.3025883675800194,-0.21528068523720748,0.056772465886750334,0.94838895622094399,0.22580855031975827,33.484661315010371,-5.1375985985636916,-1.1477937209408628,-0.21869764753289384,0.056252998627492307,0.94681596573997706,0.22923015972787744
355,1789654642.7190793,33.542931459236236,-5.0514488366339831,-1.3104719342679838,-0.20889813942964566,0.11605259897156221,0.90110586900113998,0.36180322616707344,33.524652126672358,-5.0495656431920173,-1.1553097579497729,-0.21186201024811696,0.11508041084870652,0.89908194290227317,0.365407508953488
356,1789654644.1192639,33.391939669980104,-4.724890685417936,-1.2978513439393911,-0.17993303441377895,0.15578768354414294,0.82586469039527588,0.51117689104588426,33.375881431182876,-4.7219016247886527,-1.1436447097417262,-0.18240070830169283,0.15424450975945181,0.82337676291764095,0.51477113274480912
357,1789654644.7192521,33.44247881753396,-4.6556970810708043,-1.3231589927048477,-0.16732376082082295,0.18934081471886893,0.73818245735157051,0.62549138651398462,33.42715836374002,-4.6529958345891718,-1.1685302044796544,-0.16928785866735241,0.18740952310798231,0.73525754041944935,0.62897984134040652
358,1789654647.4191837,33.508238584644396,-3.8808916368527009,-1.3052146267690174,-0.15160435965101393,0.21250141076486934,0.66028238705147624,0.70419204618183817,33.49862663263508,-3.8785833047154963,-1.1497231561384531,-0.15315670209605045,0.21028815784844024,0.6570485504209479,0.70753736131846945
359,1789654648.6191683,33.612625559080122,-3.4495544043980026,-1.3107081360827462,-0.11898618521566252,0.22858370578271764,0.56155078896304078,0.78629033352309596,33.606419787742745,-3.4479628815488228,-1.1542599357241163,-0.12008015566802246,0.22601044131233075,0.55803145868589066,0.78936742252860048
360,1789654650.2193098,33.917495416355898,-2.9822012451714222,-1.2911523110170355,-0.095825501323766438,0.25148470400102457,0.4443873858932626,0.85445466129393188,33.914889612107196,-2.9829291402951195,-1.1322709603689389,-0.096373650194474289,0.24863245034223211,0.44058042514266144,0.85719479301155488
361,1789654652.4193666,34.348409497060814,-2.3380472816059528,-1.332909686493799,-0.095868848607006243,0.25598812849842584,0.46239496070541125,0.84348689512480668,34.350130116767836,-2.3415763400340892,-1.171492120573141,-0.096687933321621164,0.25337786814087754,0.45871532378556751,0.84618635725865954
362,1789654654.9193809,34.595351370015294,-1.8244507381417985,-1.3397609093341514,-0.12387097487241766,0.23023909139983825,0.56516118855220288,0.78245688272785574,34.600114977166236,-1.8293264538130221,-1.1774081037802593,-0.12543037841440072,0.22830814004112407,0.56172099757637806,0.7852465436049888
363,1789654657.9194136,34.831734195300136,-1.1115530589472826,-1.3644522395549394,-0.13415884849665385,0.23668067515535726,0.55373205476883203,0.78699712381808751,34.840728353735962,-1.117514936924445,-1.2020838081892586,-0.13581178032591801,0.23495232811050701,0.55027339485760651,0.78965293309911899
364,1789654660.2195845,35.11001168062915,-0.40374923551716846,-1.3590516694777128,-0.11642297884293598,0.23574601131850706,0.54968504136169394,0.79291605069284532,35.12340186269256,-0.41098096508732157,-1.1964298886804245,-0.11811582591791393,0.23402227192039063,0.54635560230593716,0.79547330800088101
365,1789654663.4195111,35.394863197648576,0.059948165939308296,-1.3706952043214535,-0.089797314355055724,0.26121077687235683,0.42495698777540575,0.86204230227965006,35.41101112976186,0.0513209826917813,-1.2074171426034124,-0.091149275165333471,0.25920547012123873,0.42159750807630414,0.86415269199367351
366,1789654667.2196643,35.767898046882458,0.73264811089948101,-1.3809605189717793,-0.10187052497398277,0.24528452908045362,0.48366273539765364,0.83398336573420118,35.787869551828706,0.72228570089958466,-1.2171606424005137,-0.10347451993646412,0.24356190404604844,0.48044949189029873,0.83614526750065121
367,1789654670.6197035,36.226475698459936,1.338709063148712,-1.4055225624131471,-0.082426086406454671,0.26723425680104201,0.3774090646535288,0.88281039311248988,36.249799194050702,1.3261133088653534,-1.2406900180041225,-0.083740104128270182,0.26528949819529835,0.37414612164406047,0.8846602493424135
368,1789654671.5188074,36.38913842009957,1.353559368079269,-1.4142941771479078,-0.041346002876562961,0.28482923342376515,0.23030306261507194,0.92958233372943089,36.412258301558879,1.3403511514583686,-1.2488041324703925,-0.042304953606338368,0.28256328078345699,0.22706951423787844,0.93102509040145032
369,1789654673.3188183,36.736492372578624,1.4265969917635259,-1.4513887120374762,-0.011397137137300933,0.28798130887109491,0.092765213413684919,0.95306426130909683,36.759827849146966,1.4117320734214549,-1.2844214603038056,-0.012068992555512916,0.28547755062055424,0.089591553854327294,0.95411228950703242
370,1789654675.6187785,37.486540752847773,1.4479189848416827,-1.5033684875812541,0.0070748282527164381,0.28236428428622518,0.02668165819681664,0.95891003064884095,37.50965845327822,1.4292921553071025,-1.3327649827558581,0.0064994951811680355,0.27974863562176894,0.023559613045674364,0.95976215911197849
371,1789654677.7189698,38.243734007483916,1.3588547024980286,-1.5652919043759312,0.02158558750048668,0.28932176260849807,-0.041441205678816248,0.95609079410044751,38.266041353080901,1.3364426925505706,-1.3907866185310631,0.021157319988539102,0.28660108292404518,-0.044538426149297226,0.95678028599768439
372,1789654678.6188967,38.3611937376036,1.441687371883879,-1.5712294210008664,-0.013847831604821753,0.28856730266900399,0.13087101193262873,0.94837225161024041,38.383671868873137,1.4189796941497463,-1.3965931968373213,-0.014820034950017628,0.28626227956777295,0.12767065021351345,0.94949169503203201
373,1789654679.4188321,38.493834351970385,1.5549277193044868,-1.592955391593379,-0.04539056722047255,0.29116352396127043,0.27241887906098317,0.91594293111055014,38.516729666630845,1.5318013268027573,-1.4182329880736011,-0.046750408937207513,0.28930024301630752,0.26918774659497935,0.91741905677723223
374,1789654680.2190025,38.551412984669277,1.6753431151965472,-1.562896536385608,-0.077972584955504617,0.25203162008703039,0.40719459947347331,0.87441002774995091,38.574511428110007,1.6523728258557777,-1.3885247814021873,-0.079788634855765164,0.25064669445094112,0.40402379962185908,0.87611345021508813
375,1789654683.519954,38.928469499097623,2.3325790611854931,-1.5838520146984862,-0.10507693133917992,0.24248782256642815,0.50526008898270491,0.82150516546573271,38.954875084463062,2.3080626236529045,-1.4102044157924032,-0.10711157611181933,0.24152786113335914,0.50213088275451012,0.82344154567483596
376,1789654685.9190707,39.169456314533114,3.0720697093423492,-1.6058608005523296,-0.12992589568452251,0.23806906837118696,0.55498580993442814,0.78640519523031227,39.199725967570295,3.0467730981922645,-1.4340204618608499,-0.13204343481797104,0.237387626125907,0.55184006776260386,0.78846952122167913
377,1789654686.7189829,39.172200999491956,3.3321898448215803,-1.6079441510684078,-0.14616083307949129,0.20144535957561194,0.66528439254887306,0.70388454664681099,39.203679102320173,3.3073132648040158,-1.4373144933500743,-0.14852553045092909,0.20126201211800904,0.66232731450939064,0.70622680332684873
378,1789654687.3187761,39.082350037189229,3.5135722249296979,-1.5875391186466787,-0.16971081636586438,0.18438645929056846,0.77488705391695079,0.58030158203211557,39.114507897481424,3.4897506977426436,-1.4183186985066438,-0.17217626638989139,0.18484069587705651,0.77221102027054367,0.58299175861451824
379,1789654688.1190629,38.962299469060191,3.6706979906850172,-1.5857546754631879,-0.19014066144764535,0.13167172884450909,0.85340371323676989,0.46713080279445468,38.995123814689357,3.6480808930340225,-1.4180175267600428,-0.19275784449013514,0.13267222993705977,0.85108442523917172,0.46999765308600577
380,1789654688.9200943,38.842102881312854,3.7929770080269805,-1.566851701330765,-0.20337390139404765,0.10074695223553626,0.91483468598502438,0.3340158756167767,38.875316295576248,3.7716453614718222,-1.4004658479029604,-0.20598655419226092,0.10228992474888311,0.91294991691836536,0.33708865300632157
381,1789654689.3191102,38.801068171763895,3.713203726266217,-1.5701121423873776,-0.22975211409041835,0.051308808199978261,0.95031750456900366,0.203661515216228,38.833428991544352,3.6925202638265029,-1.40389932200113,-0.23236753301145588,0.053387551421849977,0.94889194698766677,0.20678291007069344
382,1789654691.819186,38.05621782255362,3.8902014774819795,-1.5347192612051681,-0.2238415910213217,0.021075012029487854,0.96782800508688782,0.11295901276516922,38.089089674496222,3.8757296079303241,-1.3734731519749941,-0.22640725901220962,0.023421980659714209,0.96680004602428093,0.11614144349026492
383,1789654693.8192859,37.300915143872565,4.0210696775215071,-1.4763321349431264,-0.22931814763345101,0.024206845862019054,0.96888697084212116,0.089918037734900591,37.333869842610369,4.0130761816457658,-1.319886104621329,-0.2317927462858109,0.026645157050680823,0.96793012653188581,0.093131243559794061
384,1789654698.6193047,36.549179281414318,4.0904093192152526,-1.4228532315323097,-0.23081068226098839,0.0019783384645420178,0.97253872659519303,0.029848624793594021,36.581804217050404,4.0888912124240457,-1.270895692224457,-0.2331999098859486,0.0045811886041612227,0.97185677273863658,0.033033740663155321
385,1789654700.1189654,36.232574856968199,4.2076271341462661,-1.3946079260414241,-0.21652462720827698,0.046195529529458962,0.96359515083844816,0.14989144119250594,36.265536072530836,4.2090492469012828,-1.2449533943676869,-0.21885747864022284,0.048448386131897295,0.96243909845327869,0.15318335318466927
386,1789654702.6188221,35.496612433480351,4.395894220158878,-1.3534718766953298,-0.22204271905669393,0.042104902383998624,0.96734149883049836,0.11478080304578217,35.530205500029858,4.4036662098664108,-1.2084283747225306,-0.22425639377792175,0.04446418035092254,0.96633034188214895,0.11805793862918164
387,1789654705.7189803,34.722786698320718,4.5152765141879021,-1.2993046263336412,-0.22087747714920417,0.027213062440051554,0.97222923565245756,0.072407890880714643,34.756432489045963,4.5297320888543622,-1.1586775185353058,-0.22298157252873052,0.029658816878245502,0.97143058047462827,0.07564522597443861
388,1789654706.1188786,34.683467374240387,4.4547061949345865,-1.2939216424231379,-0.22471737637556183,-0.012651424966850046,0.97299993368415449,-0.051119186712445093,34.716337760718702,4.4698375008553191,-1.1534915509252357,-0.22660189438755957,-0.0099624704056717316,0.97275259077850429,-0.048007580412818142
389,1789654709.3189147,33.927371930287528,4.4332050960265361,-1.2508174885363996,-0.22190736695031404,-0.00071957769501424971,0.97505233855211959,-0.0054350513772752265,33.959331327233748,4.4547214556570989,-1.1138226110628098,-0.22372026128382866,0.0018452820242416345,0.97464884737132329,-0.0023375078817646573
390,1789654711.8187885,33.151330640887288,4.4190315148847317,-1.2109957060475156,-0.22338212098587543,0.00159796581602884,0.97464787631776928,-0.012625043234404703,33.183737032967159,4.4464045396069354,-1.0765400389820619,-0.22518840012512698,0.0041027684506382686,0.9742590828457689,-0.0096224338214207939
391,1789654713.4188941,32.621691144130736,4.3407709350158168,-1.1745263742428604,-0.23101385671941546,-0.036349286025664132,0.96284240565285739,-0.13507712346643116,32.653974894506696,4.3720744738342363,-1.0415409837043959,-0.23275750614498744,-0.033740645997302608,0.96289421166244171,-0.13236407854027424
392,1789654713.8187821,32.660333112492765,4.264685883518867,-1.1936309481804108,-0.22259862627300453,-0.085947246032916494,0.93419091902936069,-0.26523621412263609,32.692527010851819,4.2957488781731374,-1.0600843296737816,-0.22428070729249905,-0.083294659745216146,0.93469904453912822,-0.26286471830952524
393,1789654714.1187689,32.718694235096123,4.1944662093769933,-1.1875504334061262,-0.20883876081260269,-0.11327330149263264,0.89199857337661459,-0.38456998874535631,32.750769225619436,4.2252647553406373,-1.0533956976064605,-0.2103864171048157,-0.11060977073494738,0.89285432713415425,-0.38251037192941262
394,1789654714.9196017,32.712757775316327,4.0323187297950742,-1.1787388530975611,-0.18736011218761703,-0.15016292955078309,0.82168295378244949,-0.51689883576133444,32.744226447267785,4.0632618086801502,-1.0439638716082986,-0.18874415124200805,-0.14751056378830138,0.82289160206213796,-0.51523362681253571
395,1789654715.9187727,32.745250049009876,3.8823832192197756,-1.1851646509925515,-0.16724422204263195,-0.19226475205773813,0.73171594859702793,-0.63218304776115863,32.776299766412343,3.9132169946162971,-1.0496843599694081,-0.16846960627694002,-0.18964531614715105,0.73318390723207172,-0.6309469106036204
396,1789654718.4188757,32.74893683139188,3.1225538341499095,-1.186618282817691,-0.16347789190891537,-0.20289347205027583,0.69609048331503376,-0.66900467628630378,32.776842074924659,3.1535228641282895,-1.0489639211261386,-0.16466488903590951,-0.20031100105029062,0.69758077588730971,-0.66793864859692098
397,1789654720.8189392,32.752150994322776,2.3341996924451305,-1.1906467606954418,-0.16111766356500917,-0.20390295194371935,0.68372610861480954,-0.68189683462583561,32.776960015853433,2.3653042670091797,-1.0508784172059262,-0.16232216544950526,-0.2013659284460762,0.68518634545686752,-0.68089863376591919
398,1789654723.218996,32.740423184753531,1.577141705347165,-1.182414474435828,-0.16290946073237042,-0.19763497021784507,0.67862079722996982,-0.68838560394311332,32.762323002358777,1.608473367929159,-1.0407974839560306,-0.16414523112599133,-0.19513835123015197,0.68003125362890782,-0.68741171146967595
399,1789654725.6189573,32.769640764641679,0.79347239392990243,-1.1890584422185755,-0.16272678328642812,-0.1995418688239689,0.67649355532293032,-0.6899706560371287,32.788662970151385,0.82481603326241126,-1.045490704381673,-0.16403071641579348,-0.1970979984862444,0.67786739237833515,-0.68901531290315621
400,1789654727.8189359,32.791999695507066,0.0078686305488569266,-1.19389615582814,-0.16261574367430262,-0.19750614751210818,0.6730056080807949,-0.69398191121544761,32.808177596276948,0.039261034669748028,-1.0485455746512093,-0.16398416323376241,-0.19511380791874744,0.67435449969942751,-0.69302655425539361
401,1789654731.7190518,32.831151007231313,-0.81246932175714359,-1.2154460618839371,-0.15863077768037984,-0.21488544487345546,0.66747838755171562,-0.69507778277231402,32.847039122285466,-0.78295403319229095,-1.0690179169904643,-0.16002834198188759,-0.21254675618095903,0.66863323696560062,-0.694366186262251
402,1789654732.2191045,32.7434258242711,-0.99462196288228188,-1.2123913754262239,-0.18421690049377137,-0.17237507141206818,0.76289686621509423,-0.59526409252162893,32.760414980989829,-0.96568823005262083,-1.0662851524471357,-0.18584714321945245,-0.17023355618003486,0.76346427467331301,-0.59464584166125223
403,1789654732.8192394,32.597609961448072,-1.1338425391215678,-1.2107339291489621,-0.20344858941819521,-0.14751620532161763,0.84086019927636135,-0.47937643444628614,32.616002285070941,-1.1054019470859349,-1.0653157547287138,-0.20533880905676838,-0.14567090696422408,0.84096804329317332,-0.47894541496815679
404,1789654733.4191082,32.543219738772798,-1.191203752428637,-1.2018593813781249,-0.21013602859923161,-0.11595533021963635,0.89684706298313477,-0.37156770109225717,32.563031600671778,-1.1634437610694146,-1.0568043721639682,-0.21223794933857831,-0.11443839208332769,0.89664305469396344,-0.37133561604970727
405,1789654734.0191178,32.4867708322856,-1.0732055409391899,-1.1993131833699497,-0.22061097742172919,-0.07245159705931066,0.9498038239368175,-0.20965270987479395,32.508417264303155,-1.0462219359879521,-1.0548349159893999,-0.22296549718026606,-0.071463988824856994,0.94931400268215271,-0.20971935933524927
406,1789654735.1175632,32.093481884134533,-1.0908641463099407,-1.1689761284706126,-0.21763847881751186,-0.012741773444051196,0.97374544539280639,-0.065505322856439716,32.117204930295195,-1.0648191950002506,-1.0267320918803244,-0.22018239897968425,-0.012266906004583635,0.97316063158099819,-0.065784643629791209
407,1789654736.3191252,31.329336277042422,-1.0764462084134501,-1.1292671205060072,-0.22563238909130723,-0.0068809109590959169,0.9739655900003058,-0.020825646471021513,31.355996795902225,-1.0522423863601882,-0.99140148142116702,-0.22823755600929355,-0.0066124224322481537,0.97335048776573119,-0.021277261635260794
408,1789654738.119312,30.572537445709838,-1.1356721139553827,-1.0904968834760085,-0.23122933957075864,-0.011740930479456969,0.97232692199400794,-0.031232992765059014,30.602172677284948,-1.1136058924714891,-0.95699225457302883,-0.23385769134734274,-0.011507962074166737,0.97168221323714343,-0.03180917297191159
409,1789654740.8193684,29.826018388993642,-1.0702120716020329,-1.0432801829332641,-0.22277569911001474,0.022956355607578801,0.97194142180401621,0.0719295919848566,29.85844661487064,-1.0504428015630367,-0.91420126920064326,-0.22549284368674524,0.022828982805832079,0.97136184570829465,0.071330075650397354
410,1789654742.9193623,29.162438560451402,-0.81316429689717051,-1.0121449590406366,-0.21452334410316079,0.063016936355140205,0.94331104647089603,0.24530159023423984,29.197382947333278,-0.79575073055341827,-0.88716947303371585,-0.2172661635516282,0.06229480938303824,0.94288778658774441,0.24469857540074105
411,1789654743.6194549,29.021398493361332,-0.5891862548751986,-1.0021759986589962,-0.19888194816358154,0.11909514325431696,0.89000545227006589,0.39262273555628796,29.057886922325668,-0.57298881845736327,-0.87827046247923446,-0.20157761268148716,0.11784269179120349,0.88980649526367395,0.39207648111511789
412,1789654744.1194293,29.043852219744394,-0.52212824956304449,-0.99083020070145666,-0.1833823511120854,0.14678571865974602,0.82819219291008961,0.50884433542998031,29.081713046380141,-0.50668481102085206,-0.86697386312404301,-0.18596813557520553,0.14510187738535074,0.82824139134312647,0.50830846480845726
413,1789654744.3192785,29.12732537114217,-0.48711503006021556,-1.0204764703056857,-0.16743285228009658,0.19447888133098032,0.74000469532221202,0.62172120407216225,29.165327906014188,-0.47141591037742681,-0.89614044956601269,-0.1698083736516858,0.19254338951389985,0.74018229744728115,0.62146788005329201
414,1789654747.2193758,29.025646607464044,0.25684715423642407,-0.98862762859712039,-0.15434990928859507,0.19653660999793079,0.69266178577602389,0.67658637065562077,29.061954557110131,0.27244865355504283,-0.86497188587598939,-0.15658967422415795,0.19449596624776652,0.69290110421698581,0.67641633097863763
415,1789654752.3195577,29.06254073908697,-0.55853987668994654,-1.0016789297718494,-0.15411988364984594,0.19235748676929065,0.69947204175019095,0.67080885619945385,29.10071518849433,-0.54273407041174504,-0.87768615548569318,-0.15637063503270276,0.19036534757598458,0.6996784225977285,0.67064100970109075
416,1789654752.7194664,28.958826638443959,-0.73462165207258145,-1.004781527581359,-0.1884652200203136,0.17861612254469642,0.79466308800855856,0.54871460538674766,28.997429905129277,-0.71895123541202477,-0.88134842379938361,-0.19094659928063662,0.1770104188943846,0.7946078421884557,0.5484570037465113
417,1789654753.2195621,28.863968205776892,-0.78541549942466682,-1.0041519278881377,-0.2106398554654689,0.11543638425053267,0.88196507761405785,0.40551559075837829,28.90271558568115,-0.7698554400888038,-0.88124413641601085,-0.21326919696818777,0.11429616489035187,0.88169294867466019,0.40505577464502934
418,1789654753.419208,28.808635325032501,-0.86767546286339714,-0.98460618450305604,-0.21991209961187533,0.066261799785628253,0.93906099028902268,0.25575867306722244,28.84746481894015,-0.85213733926534363,-0.86198117285206555,-0.22260836234029027,0.065606938079304428,0.93863049877369809,0.25517451570223709
419,1789654753.9195704,28.792299290769297,-0.94247892150827872,-0.99793912707128551,-0.23191367987443273,0.025471679546277905,0.96483529811369362,0.1210788426616724,28.831367035404924,-0.92690989844621419,-0.87537448923732586,-0.23459495243212994,0.02524256647445506,0.96427546871263614,0.12041944016717304
420,1789654754.9195857,28.624215457282748,-1.0315768977581556,-0.97488771675515817,-0.22113231412402279,-0.020653324278564068,0.97359846010976969,-0.052725499680176563,28.66334074736217,-1.0161570433276665,-0.85319805975381169,-0.22372713844431147,-0.020338508768989318,0.97297291558232968,-0.053443597631470163
421,1789654756.0187931,28.447526638925854,-1.1714749834167675,-0.96740080493908787,-0.23224635060023147,-0.083386143000311108,0.95141040122898579,-0.18419183537808112,28.486844447204977,-1.15619258943252,-0.8465817073595191,-0.2346734938168247,-0.082681272980747622,0.95071778943369989,-0.18500768430632039
422,1789654759.2196317,27.748715950699587,-1.489566254640365,-0.92333100695887682,-0.2231467253041782,-0.050610948447181461,0.96103492704804416,-0.15509977393694999,27.78825155594685,-1.4748819558837774,-0.80602509902336839,-0.22560814241175275,-0.04994389572059877,0.96038282810847686,-0.15579280096375445
423,1789654760.0197418,27.668707251380081,-1.4376038285164741,-0.93291541295336922,-0.23241282747758943,-0.0070134474582276918,0.9721712184360175,-0.028604391646825832,27.70829543810019,-1.4229428533952102,-0.81607867956057778,-0.23494650443399945,-0.006631414688751152,0.97154883163624695,-0.029138156079514404
424,1789654762.7187302,26.892763314920604,-1.452974620641146,-0.88503181737436576,-0.22915833759725279,-0.0061131434985476022,0.97309456510472292,-0.023152821601421212,26.932226361690109,-1.4388187584917693,-0.77226346535967616,-0.23168195544235623,-0.00571616960132223,0.97248710719395992,-0.023656357898429223
425,1789654765.418474,26.120878026176012,-1.4889797029444465,-0.84162733410778034,-0.22353164552203736,-0.0065212377406446333,0.97460402516609945,-0.011750363262285733,26.160255585681828,-1.4752776372118979,-0.73286354454949132,-0.22604846668250489,-0.0061235522084534429,0.97402005378667555,-0.012228149501891446
426,1789654767.7197993,25.361562193897225,-1.5166899802484441,-0.80913424970650571,-0.22339377565720597,-0.0097214102756588254,0.97448584458503218,-0.019443607727943648,25.400902453893455,-1.503395088758106,-0.7042910937677348,-0.22589005624471342,-0.009277799064942284,0.97390516747884792,-0.019908030848586462
427,1789654772.4190078,24.57960766498163,-1.5496329813447471,-0.76218431791858887,-0.230698233728063,-0.018497268137626588,0.97263597943346636,-0.020382039542421827,24.618841414619666,-1.5367025221934829,-0.66134865274828492,-0.23317055830098593,-0.018028921277462605,0.97204505770696681,-0.020853165866055158
428,1789654775.8199751,23.806507137526577,-1.5057647857942351,-0.71901839210917873,-0.22842100688145603,0.0037296588300491837,0.97335314722385557,0.019838952792210283,23.845604257486034,-1.493158436627319,-0.62219544599130061,-0.23090397618250427,0.0041261048104563377,0.97277349751530828,0.019443548391106163
429,1789654778.4190052,23.045942781094734,-1.4947450032901384,-0.68209236375559601,-0.23081877096028144,0.00172311638141717,0.97298887987626248,0.0035164581123831367,23.084956357298932,-1.4824235882889243,-0.58915572374619396,-0.23327517085187047,0.0021849699229352102,0.97240328095479689,0.0031272605924260741
430,1789654780.7200525,22.287771385609275,-1.4845244198716492,-0.63490485761990911,-0.22852750858418661,0.0015251630298224481,0.97353075357859975,0.0032746805817620906,22.326651386776774,-1.4724469508046758,-0.54581637876998368,-0.23096970273897699,0.0020107031562619348,0.9729545590892128,0.002894725721320086
431,1789654783.2190804,21.538280621157096,-1.5049411070810084,-0.59465381507434056,-0.24177355495385056,-0.0078592832071296328,0.97029647650873341,-0.0029201824212668846,21.577078500843172,-1.4930895783105267,-0.50931127355976613,-0.24418484431935647,-0.0073403945766734955,0.96969522540116215,-0.00332419108653769
432,1789654786.6188831,20.759207289766948,-1.5820280326236953,-0.57535869354287583,-0.23793491548826687,-0.018647479872954342,0.97059533673825638,-0.031367814493663854,20.798059411571238,-1.570419816011227,-0.49381569460064478,-0.24030876638046375,-0.018033373178588205,0.97000810037454011,-0.031792757984764095
433,1789654790.4191511,19.966019442060642,-1.4511367742678818,-0.52439724467143067,-0.23567724221978814,0.019205486650206518,0.96926402457681304,0.067931122775493347,20.004671208291636,-1.4397231906163961,-0.44694618174467393,-0.23809384909949857,0.019607332838128246,0.96868836815342152,0.067599681391420946
434,1789654792.5188324,19.179415406308234,-1.345565506497028,-0.49708633518447881,-0.23400099442923777,0.019381214293964839,0.96999440782234803,0.063077348788308868,19.217997392933771,-1.3343614307392428,-0.42362791387995308,-0.23640121219331309,0.019815655362310211,0.96942515051574285,0.062743001391578498
435,1789654795.0191355,18.416385355247321,-1.3412771810581792,-0.45423779693006899,-0.22795764731992005,0.0057017833625689881,0.97357214271338166,0.012652415796690488,18.454867126351807,-1.3302520912903331,-0.38450086242314152,-0.23030942741753355,0.0062855085139199053,0.97301966843621013,0.012279448750544339
436,1789654795.7188454,17.53009270418217,-1.3131854975566799,-0.43341881358106232,-0.23293276514075659,0.00050234242236696001,0.97241553348524024,0.012251726847711286,17.568582924663524,-1.3024181303490396,-0.36799749807069937,-0.23526355240250513,0.0011025020667346922,0.97185871573859728,0.011852512099594171
437,1789654797.6187744,16.780439859944561,-1.2916647979792442,-0.38358868510734478,-0.23162791850371592,-0.00042724598300016134,0.9727272008503558,0.012252246916339924,16.818789945453702,-1.2810722454652523,-0.32179025900841057,-0.23394290489431452,0.00018947597603822088,0.97217824074378278,0.011838478482803004
438,1789654801.318733,15.963483798221652,-1.3033357487194801,-0.33883044545749125,-0.23753955925133899,-0.0082567039803962041,0.97131126541631896,-0.0078237013981271898,16.001742099529732,-1.2929644202365917,-0.28090184828837417,-0.23981583040924409,-0.007578522842882093,0.97075352628411027,-0.0082779637357099194
439,1789654803.318686,15.211023009850695,-1.3021157283757108,-0.31234852193010237,-0.23294280926133562,0.0021434472071445083,0.97236479767245243,0.015483975364039563,15.249264273288619,-1.2919859280643364,-0.25797295852666918,-0.23522291199945125,0.0027850425649000653,0.97182115658687229,0.015035452057194339
440,1789654805.5187573,14.461266592254599,-1.2954160229479155,-0.29094021009746918,-0.23028230977315489,0.0029027479067503534,0.97311563834498149,0.002754317832115636,14.499512012850262,-1.2855594687412288,-0.24008377314582116,-0.23253661868118189,0.0035896107257470198,0.97257833109957237,0.002285944603638331
441,1789654807.1188185,13.702331704184108,-1.3015108855844251,-0.26750815541442613,-0.23375919368012654,-0.004349281971117374,0.97228017772304176,-0.0029965182041856767,13.740580920419132,-1.2919575343868455,-0.22016561104928856,-0.23598665927623105,-0.0036377869322026402,0.97174314598491918,-0.0035101825040698468
442,1789654809.2188578,12.915301423138203,-1.1856147168491646,-0.24616578916775966,-0.2352185126759759,0.021216841604410768,0.96900484084711713,0.072468719733630713,12.953489640608323,-1.1764157573883882,-0.20263404756968562,-0.23748460048997097,0.021770548617284745,0.96847674678498696,0.071971512974160559
443,1789654810.3188088,12.522543707099935,-1.1981209108217237,-0.21360597563637512,-0.23584400755784121,-0.025433943931318471,0.96915216659273951,-0.066893920365714898,12.560668946494742,-1.1890659902499223,-0.17184406366477173,-0.23794090445200361,-0.024545143689271794,0.96861663024518763,-0.067553575199934365
444,1789654813.4189031,11.76384784816894,-1.1725708734065725,-0.19359750459610145,-0.23683410045336648,0.0051487689354953407,0.97144035089073655,0.013665419873234233,11.801970849179055,-1.1639876063559953,-0.15528133000223632,-0.23899226092707115,0.0058746609925294868,0.9709163710284372,0.013022597442891049
445,1789654815.2188585,10.97245954792252,-1.1588006646337234,-0.16539403478624692,-0.23731553406855788,0.0022432982998814642,0.9713947702422977,0.0082767896274688682,11.010556663848709,-1.1507672860011884,-0.13060708456153913,-0.23944935503466513,0.0029905151564498878,0.97087458048815356,0.0075902670923938542
446,1789654818.1188734,10.210535163974258,-1.0504830528252742,-0.15056054156436738,-0.23412934807076333,0.013951807160517025,0.9711955322983854,0.042047990328872208,10.248570489612113,-1.0430494531248069,-0.11931588774277153,-0.23627902540614168,0.01463753636568429,0.97069496707629721,0.041343023293096616
447,1789654821.2190716,9.4425275103269328,-1.0070250451902392,-0.11383048790392969,-0.23793199225050746,0.0095336860066935706,0.97018335882254414,0.045185463998440152,9.4804664003989103,-1.0002219296540293,-0.086004731322069664,-0.24006244782110867,0.010218192470767841,0.96968659431540494,0.044424300712099844
448,1789654823.1190333,8.6723591173313608,-0.93940014383363613,-0.086578624952573111,-0.23914859986407333,0.016016513462759747,0.97009860435802053,0.038211468177468642,8.71021282912427,-0.93330841511635376,-0.062198528625673433,-0.24125813983926592,0.016722724967756373,0.96959524959053911,0.037415403277396848
449,1789654825.1191685,7.8902218582979033,-0.86759887481518172,-0.081390363008651379,-0.23956009543369139,0.0073718967981747964,0.97013863437040393,0.037251119626503952,7.9280752885333996,-0.86234218523730832,-0.060486558180574523,-0.24164503645635449,0.0080865555599653905,0.96964858451797808,0.036385526208428061
450,1789654827.3191175,7.1426993680737585,-0.77538096173194015,-0.054911768226962608,-0.23940451711695296,0.011036693076983434,0.96969230711842003,0.047544695849013725,7.1795885480202779,-0.77137142155152483,-0.036984433549517519,-0.24153597144775255,0.011725742879192631,0.96920175593604707,0.04659224979762961
451,1789654829.0192132,6.390313058013307,-0.70621742131314502,-0.041181079762882822,-0.24127324568913347,0.011839377305548666,0.96914821057899658,0.048977504930993329,6.42630770411506,-0.70362673710996526,-0.026258472491402209,-0.24344725335876904,0.012522422778218391,0.96864755132280389,0.047943144204056327
452,1789654833.6192725,5.5624775462298679,-0.6360210957646143,-0.025978865625373385,-0.24239842479883572,0.010662843905318803,0.96930814861197168,0.039636100305348448,5.5975106375447066,-0.63511276172081588,-0.014433709920054371,-0.2446145035006089,0.011367845450234074,0.9687881816141497,0.038522408176534316
453,1789654835.8194535,4.7939638611759818,-0.57953457358094085,-0.0083076800568063405,-0.23997532318601766,0.0070352129916483562,0.97024456713778195,0.031429762608484388,4.8280758586612542,-0.58029926922755637,4.5655917799147807e-05,-0.24224206567324355,0.0077674870568012148,0.96971326458069063,0.030242887749719765
454,1789654837.6193283,3.9821901220328839,-0.52194209672365466,0.0013606244770773108,-0.2418425543327658,0.0053440224109612437,0.96999515770350553,0.024351886335515955,4.0153800170557759,-0.52458956176786686,0.0062380067516960335,-0.24416833916959105,0.0060992897696572216,0.96943844692059877,0.023102347145837716
455,1789654840.2194216,3.1740687222152384,-0.46804817932944831,0.028931622225738307,-0.24444950212250174,0.0075000045864254995,0.96945877735505237,0.018381236372431411,3.2062547875634952,-0.47261697083601084,0.030240571715882011,-0.24684695900234754,0.0082782065112638175,0.96886845884163653,0.017086825043941625
456,1789654841.91942,2.4239986186814417,-0.43454085362127393,0.039540131881370351,-0.24393301481346824,0.003695786916481981,0.96969499188867636,0.013215451076770855,2.4553360279929932,-0.44099785498888777,0.037461967540679653,-0.24640646797746499,0.004502338847273751,0.96908339744626426,0.011872248219309352
457,1789654853.8215346,1.6392454115054336,-0.36756394781878227,0.055240691688095624,-0.23943976440966561,0.007571810334907815,0.9708143162827948,0.011438103257281264,1.669608312091895,-0.37603642575032986,0.049401215844169587,-0.242012442952556,0.0084074006738401406,0.97018437418829151,0.010078350605073829
458,1789654854.1196809,1.5351177129715832,-0.31510896625921408,0.03883806097031036,-0.25962804723232341,0.025904340879902902,0.95540944513690174,0.13825713129949099,1.5650572900290514,-0.3240165532334438,0.03251731629420835,-0.26250180035037407,0.026376064677967766,0.95480765553538982,0.13689210698914905
459,1789654856.5197437,0.76637458096098676,-0.24577188385587323,0.06627592434180439,-0.24941753816809822,0.0045032665550622138,0.96786438611348591,0.031767000735435875,0.79526305293256783,-0.25672712499209188,0.055840641040176428,-0.25233987530475827,0.0053330693864139071,0.96714917952777046,0.030308583616843719
460,1789654858.5197873,0.0027573055945202501,-0.23807364295239439,0.072365931192570329,-0.25313258610414063,0.001154269432505392,0.96721816566683616,0.020287471908776219,0.030863046314583299,-0.25114748966210637,0.057728942281619823,-0.25615065932643921,0.0020369274633171945,0.96645184306592335,0.018802278787950238
